27.9487	2.95248e-13
27.9487	2.95248e-13
27.9587	2.92818e-13
27.9714	2.8979e-13
27.9842	2.86788e-13
27.9972	2.83807e-13
28.0103	2.80846e-13
28.0236	2.77907e-13
28.037	2.74987e-13
28.0506	2.72087e-13
28.0643	2.69207e-13
28.0783	2.66347e-13
28.0924	2.63506e-13
28.1066	2.60683e-13
28.121	2.5788e-13
28.1356	2.55095e-13
28.1504	2.52328e-13
28.1653	2.4958e-13
28.1804	2.46849e-13
28.1804	2.46849e-13
28.1804	2.46849e-13
28.184	2.46206e-13
28.1882	2.45467e-13
28.2036	2.4275e-13
28.2192	2.40064e-13
28.235	2.37397e-13
28.2509	2.34746e-13
28.267	2.32114e-13
28.2834	2.29498e-13
28.2999	2.269e-13
28.3166	2.24318e-13
28.3335	2.21754e-13
28.3506	2.19206e-13
28.3679	2.16676e-13
28.3855	2.14162e-13
28.4032	2.11665e-13
28.4212	2.09184e-13
28.4394	2.06721e-13
28.4578	2.04273e-13
28.4764	2.01843e-13
28.4952	1.99429e-13
28.5143	1.97031e-13
28.5336	1.9465e-13
28.5532	1.92285e-13
28.573	1.89936e-13
28.5931	1.87604e-13
28.6134	1.85289e-13
28.634	1.8299e-13
28.6548	1.80707e-13
28.6759	1.7844e-13
28.6973	1.7619e-13
28.7189	1.73956e-13
28.7409	1.71738e-13
28.7631	1.69537e-13
28.7856	1.67352e-13
28.8085	1.65183e-13
28.8316	1.63031e-13
28.855	1.60895e-13
28.8788	1.58776e-13
28.9029	1.56672e-13
28.9273	1.54586e-13
28.9521	1.52515e-13
28.9772	1.50461e-13
29.0027	1.48424e-13
29.0285	1.46403e-13
29.0547	1.44398e-13
29.0813	1.4241e-13
29.1083	1.40439e-13
29.1357	1.38484e-13
29.1635	1.36546e-13
29.1917	1.34624e-13
29.2204	1.32719e-13
29.2495	1.30831e-13
29.279	1.28959e-13
29.309	1.27104e-13
29.3394	1.25266e-13
29.3704	1.23445e-13
29.4018	1.21641e-13
29.4338	1.19853e-13
29.4663	1.18083e-13
29.4993	1.1633e-13
29.5328	1.14593e-13
29.5669	1.12874e-13
29.6016	1.11172e-13
29.6369	1.09487e-13
29.6728	1.07819e-13
29.7093	1.06169e-13
29.7464	1.04536e-13
29.7842	1.0292e-13
29.8227	1.01322e-13
29.8618	9.97416e-14
29.9017	9.81784e-14
29.9423	9.66329e-14
29.9836	9.5105e-14
30.0257	9.35948e-14
30.0686	9.21023e-14
30.1122	9.06275e-14
30.1567	8.91705e-14
30.2021	8.77314e-14
30.2483	8.631e-14
30.2954	8.49066e-14
30.3434	8.3521e-14
30.3923	8.21533e-14
30.4422	8.08034e-14
30.4931	7.94715e-14
30.545	7.81573e-14
30.5979	7.6861e-14
30.6519	7.55825e-14
30.707	7.43216e-14
30.7632	7.30785e-14
30.8206	7.18529e-14
30.8792	7.06448e-14
30.9389	6.94541e-14
31	6.82808e-14
31.0623	6.71245e-14
31.126	6.59853e-14
31.1911	6.4863e-14
31.2576	6.37573e-14
31.3255	6.26682e-14
31.3949	6.15954e-14
31.4659	6.05388e-14
31.5386	5.9498e-14
31.6128	5.84729e-14
31.6128	5.84729e-14
31.6128	5.84729e-14
31.6128	5.84729e-14
31.6128	5.84729e-14
31.6273	5.82776e-14
31.6459	5.80293e-14
31.6459	5.80293e-14
31.7237	5.70131e-14
31.8023	5.60253e-14
31.8828	5.50523e-14
31.9653	5.40938e-14
32.0498	5.31496e-14
32.1365	5.22193e-14
32.1365	5.22193e-14
32.1606	5.19669e-14
32.1606	5.19669e-14
32.1848	5.17156e-14
32.1848	5.17156e-14
32.1848	5.17156e-14
32.1961	5.15999e-14
32.1961	5.15999e-14
32.1961	5.15999e-14
32.1961	5.15999e-14
32.1961	5.15999e-14
32.1961	5.15999e-14
32.1961	5.15999e-14
32.1961	5.15999e-14
32.1961	5.15999e-14
32.1982	5.15787e-14
32.2001	5.15594e-14
32.2095	5.14633e-14
32.2566	5.09888e-14
32.3486	5.00887e-14
32.443	4.92031e-14
32.5399	4.83302e-14
32.6394	4.74697e-14
32.7417	4.66213e-14
32.8469	4.57846e-14
32.9552	4.49594e-14
33.0666	4.41453e-14
33.1813	4.33421e-14
33.2996	4.25494e-14
33.4216	4.17669e-14
33.5474	4.09943e-14
33.6774	4.02313e-14
33.8117	3.94775e-14
33.8117	3.94775e-14
33.8503	3.9267e-14
33.8503	3.9267e-14
33.8503	3.9267e-14
33.8685	3.91689e-14
33.8685	3.91689e-14
33.8685	3.91689e-14
33.8685	3.91689e-14
33.8685	3.91689e-14
33.8733	3.91432e-14
33.8733	3.91432e-14
33.8733	3.91432e-14
33.8733	3.91432e-14
33.8733	3.91432e-14
33.8733	3.91432e-14
33.8733	3.91432e-14
33.877	3.91234e-14
33.8803	3.91055e-14
33.897	3.90163e-14
33.9803	3.85777e-14
34.125	3.78443e-14
34.2751	3.71179e-14
34.4308	3.63992e-14
34.4308	3.63992e-14
34.477	3.61925e-14
34.477	3.61925e-14
34.5108	3.6043e-14
34.5108	3.6043e-14
34.5466	3.58867e-14
34.5466	3.58867e-14
34.5466	3.58867e-14
34.5466	3.58867e-14
34.5528	3.58596e-14
34.5528	3.58596e-14
34.5528	3.58596e-14
34.5528	3.58596e-14
34.5562	3.58448e-14
34.5562	3.58448e-14
34.5562	3.58448e-14
34.5562	3.58448e-14
34.5562	3.58448e-14
34.5562	3.58448e-14
34.5562	3.58448e-14
34.5572	3.58404e-14
34.5582	3.58362e-14
34.563	3.58152e-14
34.5873	3.57104e-14
34.7087	3.51975e-14
34.7087	3.51975e-14
34.7087	3.51975e-14
34.7087	3.51975e-14
34.7087	3.51975e-14
34.7087	3.51975e-14
34.7087	3.51975e-14
34.7087	3.51975e-14
34.7087	3.51975e-14
34.7087	3.51975e-14
34.7112	3.51875e-14
34.7134	3.51783e-14
34.7244	3.51326e-14
34.7796	3.49063e-14
34.9543	3.42139e-14
35.1377	3.35221e-14
35.3295	3.28351e-14
35.3295	3.28351e-14
35.3668	3.27055e-14
35.3668	3.27055e-14
35.4068	3.25678e-14
35.4068	3.25678e-14
35.4519	3.24147e-14
35.4519	3.24147e-14
35.4519	3.24147e-14
35.475	3.23367e-14
35.475	3.23367e-14
35.475	3.23367e-14
35.4939	3.22733e-14
35.5206	3.21846e-14
35.6538	3.17498e-14
35.8708	3.10728e-14
36.103	3.03877e-14
36.3506	2.96984e-14
36.617	2.90004e-14
36.9079	2.82849e-14
37.2356	2.7532e-14
37.6441	2.66642e-14
37.6441	2.66642e-14
38.0148	2.5937e-14
38.4054	2.52261e-14
38.7714	2.46061e-14
39.1348	2.40304e-14
39.4958	2.3494e-14
39.4958	2.3494e-14
39.5615	2.33999e-14
39.5615	2.33999e-14
39.6151	2.33239e-14
39.6151	2.33239e-14
39.6665	2.32517e-14
39.6665	2.32517e-14
39.7107	2.31901e-14
39.7107	2.31901e-14
39.7505	2.3135e-14
39.7505	2.3135e-14
39.8032	2.30627e-14
39.8032	2.30627e-14
39.8032	2.30627e-14
39.8032	2.30627e-14
39.8032	2.30627e-14
39.8153	2.30463e-14
39.8269	2.30305e-14
39.8849	2.29519e-14
40.1749	2.257e-14
40.5537	2.20974e-14
40.9285	2.16566e-14
41.3084	2.12348e-14
41.6934	2.08308e-14
42.0843	2.0443e-14
42.0843	2.0443e-14
42.1585	2.03717e-14
42.1585	2.03717e-14
42.1585	2.03717e-14
42.1585	2.03717e-14
42.1585	2.03717e-14
42.1763	2.03548e-14
42.1936	2.03383e-14
42.28	2.02567e-14
42.7119	1.98629e-14
43.1161	1.95145e-14
43.5296	1.91767e-14
43.9511	1.88502e-14
44.3809	1.85344e-14
44.3809	1.85344e-14
44.576	1.83964e-14
44.576	1.83964e-14
44.576	1.83964e-14
44.6552	1.83413e-14
44.6552	1.83413e-14
44.6552	1.83413e-14
44.6552	1.83413e-14
44.6552	1.83413e-14
44.6552	1.83413e-14
44.6986	1.83113e-14
44.7453	1.82792e-14
44.979	1.81213e-14
45.4384	1.7823e-14
45.8987	1.75395e-14
46.3694	1.72641e-14
46.8506	1.69967e-14
46.8506	1.69967e-14
47.045	1.68924e-14
47.045	1.68924e-14
47.1648	1.68292e-14
47.1648	1.68292e-14
47.3133	1.6752e-14
47.3133	1.6752e-14
47.5472	1.66326e-14
47.5472	1.66326e-14
47.5472	1.66326e-14
47.6564	1.65779e-14
47.6564	1.65779e-14
47.6564	1.65779e-14
47.6564	1.65779e-14
47.6564	1.65779e-14
47.6564	1.65779e-14
47.6564	1.65779e-14
47.7607	1.65262e-14
47.8555	1.64797e-14
48.3293	1.62535e-14
48.8561	1.60141e-14
49.3939	1.57817e-14
49.9445	1.55556e-14
49.9445	1.55556e-14
49.9445	1.55556e-14
50.0484	1.55141e-14
50.0484	1.55141e-14
50.0484	1.55141e-14
50.1246	1.5484e-14
50.1959	1.5456e-14
50.5521	1.53187e-14
51.1365	1.51026e-14
51.7283	1.48946e-14
52.3348	1.46918e-14
52.9563	1.44942e-14
52.9563	1.44942e-14
52.9563	1.44942e-14
53.042	1.44677e-14
53.042	1.44677e-14
53.042	1.44677e-14
53.042	1.44677e-14
53.0937	1.44518e-14
53.1486	1.4435e-14
53.4228	1.43522e-14
54.0813	1.41604e-14
54.7454	1.39765e-14
55.4266	1.37971e-14
56.1251	1.36221e-14
56.1251	1.36221e-14
56.1251	1.36221e-14
56.2098	1.36014e-14
56.2098	1.36014e-14
56.2098	1.36014e-14
56.2098	1.36014e-14
56.2807	1.35843e-14
56.3675	1.35634e-14
56.8019	1.34606e-14
57.5425	1.32924e-14
58.2943	1.313e-14
59.0657	1.29716e-14
59.0657	1.29716e-14
59.2162	1.29416e-14
59.2162	1.29416e-14
59.3221	1.29206e-14
59.3221	1.29206e-14
59.4116	1.29031e-14
59.4116	1.29031e-14
59.5622	1.28737e-14
59.5622	1.28737e-14
59.5622	1.28737e-14
59.5622	1.28737e-14
59.5622	1.28737e-14
59.5622	1.28737e-14
59.5622	1.28737e-14
59.5622	1.28737e-14
59.5622	1.28737e-14
59.594	1.28675e-14
59.6229	1.28619e-14
59.7678	1.28341e-14
60.4918	1.26985e-14
61.3157	1.25515e-14
62.1594	1.24083e-14
62.1594	1.24083e-14
62.383	1.23715e-14
62.383	1.23715e-14
62.5738	1.23406e-14
62.5738	1.23406e-14
62.7089	1.23188e-14
62.7089	1.23188e-14
62.7089	1.23188e-14
62.7089	1.23188e-14
62.7442	1.23132e-14
62.7442	1.23132e-14
62.7442	1.23132e-14
62.7442	1.23132e-14
62.7442	1.23132e-14
62.7442	1.23132e-14
62.7442	1.23132e-14
62.7442	1.23132e-14
62.7442	1.23132e-14
62.7522	1.23119e-14
62.7607	1.23105e-14
62.803	1.23038e-14
63.0147	1.22703e-14
63.0147	1.22703e-14
63.0147	1.22703e-14
63.0902	1.22584e-14
63.0902	1.22584e-14
63.0902	1.22584e-14
63.0902	1.22584e-14
63.0902	1.22584e-14
63.0902	1.22584e-14
63.0902	1.22584e-14
63.0902	1.22584e-14
63.1233	1.22532e-14
63.1535	1.22485e-14
63.3041	1.22251e-14
64.0572	1.21109e-14
64.0572	1.21109e-14
64.3936	1.20614e-14
64.3936	1.20614e-14
64.6512	1.20241e-14
64.6512	1.20241e-14
64.6512	1.20241e-14
64.7717	1.20069e-14
64.7717	1.20069e-14
64.7717	1.20069e-14
64.7717	1.20069e-14
64.7717	1.20069e-14
64.7717	1.20069e-14
64.7717	1.20069e-14
64.7903	1.20042e-14
64.808	1.20017e-14
64.8962	1.19892e-14
65.3372	1.19274e-14
66.307	1.17965e-14
66.307	1.17965e-14
66.5217	1.17684e-14
66.5217	1.17684e-14
66.8352	1.1728e-14
67.2223	1.16789e-14
67.2223	1.16789e-14
67.2223	1.16789e-14
67.4092	1.16556e-14
67.4092	1.16556e-14
67.4092	1.16556e-14
67.4092	1.16556e-14
67.4092	1.16556e-14
67.4092	1.16556e-14
67.4092	1.16556e-14
67.4585	1.16494e-14
67.5119	1.16428e-14
67.5119	1.16428e-14
67.6209	1.16294e-14
67.6209	1.16294e-14
67.6209	1.16294e-14
67.6209	1.16294e-14
67.6209	1.16294e-14
67.6209	1.16294e-14
67.6549	1.16252e-14
67.6861	1.16214e-14
67.8425	1.16023e-14
68.6243	1.15091e-14
69.6745	1.13893e-14
70.7475	1.12731e-14
70.7475	1.12731e-14
70.7475	1.12731e-14
70.7475	1.12731e-14
70.7475	1.12731e-14
70.7475	1.12731e-14
71.0642	1.12399e-14
71.3497	1.12103e-14
71.3497	1.12103e-14
72.4686	1.10983e-14
73.6174	1.0989e-14
74.7973	1.08823e-14
74.7973	1.08823e-14
74.7973	1.08823e-14
74.9409	1.08697e-14
74.9409	1.08697e-14
74.9409	1.08697e-14
74.9409	1.08697e-14
74.9409	1.08697e-14
74.9826	1.08661e-14
74.9826	1.08661e-14
74.9826	1.08661e-14
74.9826	1.08661e-14
74.9826	1.08661e-14
74.9826	1.08661e-14
74.9826	1.08661e-14
75.0162	1.08631e-14
75.0466	1.08605e-14
75.1987	1.08473e-14
75.9591	1.07824e-14
77.2303	1.06784e-14
78.5255	1.05778e-14
78.5255	1.05778e-14
78.7572	1.05603e-14
78.7572	1.05603e-14
78.8944	1.055e-14
78.8944	1.055e-14
79.0045	1.05418e-14
79.0045	1.05418e-14
79.1023	1.05345e-14
79.1023	1.05345e-14
79.2606	1.05229e-14
79.2606	1.05229e-14
79.3783	1.05142e-14
79.3783	1.05142e-14
79.3783	1.05142e-14
79.4217	1.0511e-14
79.4217	1.0511e-14
79.4217	1.0511e-14
79.4217	1.0511e-14
79.4217	1.0511e-14
79.4217	1.0511e-14
79.4377	1.05099e-14
79.4581	1.05084e-14
79.5604	1.05009e-14
80.0716	1.04641e-14
81.4101	1.03711e-14
82.7689	1.02815e-14
82.7689	1.02815e-14
83.1368	1.02581e-14
83.1368	1.02581e-14
83.3789	1.02428e-14
83.3789	1.02428e-14
83.5945	1.02293e-14
83.5945	1.02293e-14
83.7376	1.02204e-14
83.7376	1.02204e-14
83.8672	1.02124e-14
83.8672	1.02124e-14
83.9969	1.02044e-14
83.9969	1.02044e-14
84.1318	1.01961e-14
84.1318	1.01961e-14
84.1318	1.01961e-14
84.1318	1.01961e-14
84.1318	1.01961e-14
84.1318	1.01961e-14
84.1318	1.01961e-14
84.1318	1.01961e-14
84.1318	1.01961e-14
84.1635	1.01942e-14
84.1924	1.01924e-14
84.3372	1.01836e-14
85.0611	1.01403e-14
86.5613	1.00539e-14
88.0878	9.97051e-15
88.0878	9.97051e-15
88.9486	9.92533e-15
88.9486	9.92533e-15
88.9486	9.92533e-15
88.9486	9.92533e-15
89.1426	9.91532e-15
89.3481	9.90479e-15
90.3756	9.85318e-15
92.0176	9.77417e-15
93.6937	9.69762e-15
93.6937	9.69762e-15
94.2194	9.67442e-15
94.2194	9.67442e-15
94.2194	9.67442e-15
94.2194	9.67442e-15
94.4235	9.66551e-15
94.6461	9.65585e-15
95.7592	9.60854e-15
97.5497	9.53563e-15
97.5497	9.53563e-15
97.5497	9.53563e-15
97.5497	9.53563e-15
97.5497	9.53563e-15
97.5497	9.53563e-15
98.1254	9.51298e-15
98.7835	9.48755e-15
98.7835	9.48755e-15
99.5664	9.4579e-15
99.5664	9.4579e-15
99.5664	9.4579e-15
99.8916	9.44578e-15
99.8916	9.44578e-15
99.8916	9.44578e-15
99.8916	9.44578e-15
99.8916	9.44578e-15
99.8916	9.44578e-15
100.08	9.4388e-15
100.254	9.43239e-15
101.125	9.40079e-15
103.07	9.33288e-15
105.05	9.2673e-15
105.05	9.2673e-15
105.652	9.24803e-15
105.652	9.24803e-15
105.652	9.24803e-15
105.652	9.24803e-15
105.951	9.23858e-15
106.254	9.22905e-15
107.771	9.18252e-15
109.891	9.12042e-15
112.06	9.06014e-15
112.06	9.06014e-15
112.06	9.06014e-15
112.06	9.06014e-15
112.06	9.06014e-15
112.06	9.06014e-15
112.275	9.05432e-15
112.623	9.04499e-15
114.364	8.99943e-15
116.666	8.94199e-15
116.666	8.94199e-15
117.122	8.93095e-15
117.122	8.93095e-15
117.456	8.92295e-15
117.456	8.92295e-15
117.77	8.91548e-15
117.77	8.91548e-15
118.159	8.9063e-15
118.159	8.9063e-15
118.591	8.89619e-15
118.591	8.89619e-15
118.591	8.89619e-15
118.591	8.89619e-15
118.749	8.89252e-15
118.749	8.89252e-15
118.749	8.89252e-15
118.847	8.89026e-15
118.847	8.89026e-15
118.847	8.89026e-15
118.847	8.89026e-15
118.847	8.89026e-15
119.071	8.88508e-15
119.275	8.88038e-15
120.297	8.8572e-15
122.837	8.80173e-15
122.837	8.80173e-15
123.598	8.78567e-15
123.598	8.78567e-15
123.951	8.77831e-15
123.951	8.77831e-15
123.951	8.77831e-15
124.249	8.77215e-15
124.249	8.77215e-15
124.249	8.77215e-15
124.249	8.77215e-15
124.249	8.77215e-15
124.249	8.77215e-15
124.249	8.77215e-15
124.312	8.77084e-15
124.373	8.76959e-15
124.677	8.76335e-15
124.677	8.76335e-15
124.92	8.75838e-15
124.92	8.75838e-15
125.137	8.75396e-15
125.137	8.75396e-15
125.394	8.74876e-15
125.394	8.74876e-15
125.633	8.74394e-15
125.633	8.74394e-15
125.842	8.73977e-15
125.842	8.73977e-15
125.842	8.73977e-15
125.842	8.73977e-15
125.842	8.73977e-15
125.894	8.73873e-15
125.963	8.73735e-15
125.963	8.73735e-15
126.193	8.73278e-15
126.193	8.73278e-15
126.193	8.73278e-15
126.193	8.73278e-15
126.193	8.73278e-15
126.193	8.73278e-15
126.274	8.73117e-15
126.35	8.72966e-15
126.731	8.72215e-15
128.639	8.68545e-15
131.274	8.63707e-15
131.274	8.63707e-15
131.702	8.62945e-15
131.702	8.62945e-15
132.086	8.62267e-15
132.086	8.62267e-15
132.694	8.61206e-15
132.694	8.61206e-15
133.141	8.60432e-15
133.141	8.60432e-15
133.141	8.60432e-15
133.141	8.60432e-15
133.244	8.60254e-15
133.244	8.60254e-15
133.244	8.60254e-15
133.342	8.60087e-15
133.432	8.59932e-15
133.521	8.5978e-15
133.602	8.59642e-15
134.005	8.58957e-15
136.02	8.5561e-15
138.918	8.51013e-15
138.918	8.51013e-15
139.84	8.49601e-15
139.84	8.49601e-15
140.632	8.48407e-15
140.632	8.48407e-15
141.572	8.47011e-15
142.509	8.45644e-15
145.611	8.41275e-15
148.767	8.37064e-15
148.767	8.37064e-15
148.767	8.37064e-15
149.379	8.36273e-15
149.379	8.36273e-15
149.379	8.36273e-15
149.379	8.36273e-15
149.379	8.36273e-15
149.695	8.35868e-15
149.999	8.3548e-15
151.52	8.33569e-15
154.873	8.29521e-15
158.294	8.25609e-15
158.294	8.25609e-15
158.294	8.25609e-15
158.294	8.25609e-15
158.809	8.25037e-15
159.277	8.24523e-15
161.616	8.22005e-15
165.25	8.18266e-15
165.25	8.18266e-15
166.631	8.16897e-15
166.631	8.16897e-15
166.631	8.16897e-15
167.461	8.16088e-15
167.461	8.16088e-15
167.461	8.16088e-15
167.461	8.16088e-15
167.921	8.15644e-15
168.415	8.1517e-15
170.886	8.1285e-15
174.792	8.09345e-15
174.792	8.09345e-15
176.038	8.08266e-15
176.038	8.08266e-15
177.21	8.07268e-15
177.21	8.07268e-15
177.21	8.07268e-15
177.905	8.06684e-15
178.532	8.06162e-15
181.664	8.03618e-15
185.879	8.00356e-15
185.879	8.00356e-15
186.681	7.99756e-15
186.681	7.99756e-15
187.469	7.99172e-15
187.469	7.99172e-15
188.271	7.98583e-15
188.271	7.98583e-15
188.271	7.98583e-15
188.271	7.98583e-15
188.271	7.98583e-15
188.514	7.98406e-15
188.734	7.98246e-15
189.83	7.97456e-15
189.83	7.97456e-15
194.394	7.94279e-15
199.016	7.91235e-15
199.016	7.91235e-15
199.016	7.91235e-15
199.321	7.9104e-15
199.321	7.9104e-15
199.321	7.9104e-15
199.321	7.9104e-15
199.511	7.90919e-15
199.511	7.90919e-15
199.511	7.90919e-15
199.511	7.90919e-15
199.511	7.90919e-15
199.511	7.90919e-15
199.835	7.90713e-15
200.131	7.90525e-15
201.613	7.89596e-15
206.237	7.86794e-15
211.33	7.83869e-15
211.33	7.83869e-15
211.33	7.83869e-15
211.33	7.83869e-15
211.33	7.83869e-15
211.33	7.83869e-15
212.851	7.83026e-15
214.235	7.8227e-15
219.659	7.79413e-15
219.659	7.79413e-15
221.041	7.78711e-15
221.041	7.78711e-15
222.609	7.77925e-15
222.609	7.77925e-15
222.609	7.77925e-15
223.462	7.77503e-15
223.462	7.77503e-15
223.462	7.77503e-15
223.462	7.77503e-15
223.914	7.7728e-15
224.392	7.77047e-15
226.778	7.75895e-15
232.6	7.73196e-15
232.6	7.73196e-15
234.222	7.72471e-15
234.222	7.72471e-15
235.524	7.71897e-15
235.524	7.71897e-15
237.07	7.71224e-15
237.07	7.71224e-15
237.07	7.71224e-15
237.07	7.71224e-15
237.07	7.71224e-15
237.07	7.71224e-15
237.07	7.71224e-15
237.07	7.71224e-15
237.792	7.70913e-15
238.451	7.70631e-15
241.744	7.69247e-15
241.744	7.69247e-15
244.593	7.68083e-15
244.593	7.68083e-15
246.418	7.67353e-15
246.418	7.67353e-15
246.418	7.67353e-15
247.162	7.67059e-15
247.162	7.67059e-15
247.162	7.67059e-15
247.162	7.67059e-15
247.162	7.67059e-15
247.162	7.67059e-15
247.162	7.67059e-15
247.162	7.67059e-15
247.162	7.67059e-15
247.162	7.67059e-15
247.303	7.67003e-15
247.457	7.66943e-15
248.229	7.6664e-15
248.229	7.6664e-15
248.229	7.6664e-15
249.03	7.66329e-15
249.03	7.66329e-15
249.03	7.66329e-15
249.03	7.66329e-15
249.401	7.66185e-15
249.742	7.66054e-15
249.742	7.66054e-15
250.689	7.6569e-15
250.689	7.6569e-15
250.689	7.6569e-15
250.689	7.6569e-15
251.228	7.65484e-15
251.831	7.65256e-15
254.845	7.6413e-15
261.6	7.6171e-15
261.6	7.6171e-15
263.294	7.61125e-15
263.294	7.61125e-15
263.294	7.61125e-15
264.622	7.60671e-15
264.622	7.60671e-15
264.622	7.60671e-15
264.622	7.60671e-15
264.622	7.60671e-15
264.622	7.60671e-15
264.845	7.60596e-15
265.06	7.60523e-15
265.267	7.60453e-15
265.267	7.60453e-15
265.972	7.60215e-15
265.972	7.60215e-15
265.972	7.60215e-15
265.972	7.60215e-15
265.972	7.60215e-15
265.972	7.60215e-15
265.972	7.60215e-15
266.685	7.59976e-15
267.337	7.59759e-15
270.595	7.58691e-15
277.882	7.564e-15
277.882	7.564e-15
279.571	7.55887e-15
279.571	7.55887e-15
281.715	7.55246e-15
281.715	7.55246e-15
281.715	7.55246e-15
281.715	7.55246e-15
281.715	7.55246e-15
281.715	7.55246e-15
281.715	7.55246e-15
281.715	7.55246e-15
282.417	7.55038e-15
283.055	7.54851e-15
286.247	7.53925e-15
294.076	7.51744e-15
294.076	7.51744e-15
295.994	7.51229e-15
295.994	7.51229e-15
298.34	7.50608e-15
298.34	7.50608e-15
298.34	7.50608e-15
298.34	7.50608e-15
298.34	7.50608e-15
298.34	7.50608e-15
298.34	7.50608e-15
299.004	7.50434e-15
299.711	7.5025e-15
303.244	7.49344e-15
311.66	7.47272e-15
311.66	7.47272e-15
313.596	7.46812e-15
313.596	7.46812e-15
316.077	7.46231e-15
316.077	7.46231e-15
316.077	7.46231e-15
316.077	7.46231e-15
316.077	7.46231e-15
316.077	7.46231e-15
316.077	7.46231e-15
316.077	7.46231e-15
316.826	7.46058e-15
317.507	7.45901e-15
320.909	7.45128e-15
329.953	7.43153e-15
329.953	7.43153e-15
332.048	7.42712e-15
332.048	7.42712e-15
334.757	7.4215e-15
334.757	7.4215e-15
334.757	7.4215e-15
334.757	7.4215e-15
334.757	7.4215e-15
334.757	7.4215e-15
334.757	7.4215e-15
335.467	7.42005e-15
336.209	7.41853e-15
339.923	7.41105e-15
349.648	7.39225e-15
349.648	7.39225e-15
351.754	7.38832e-15
351.754	7.38832e-15
354.663	7.38297e-15
354.663	7.38297e-15
354.663	7.38297e-15
354.663	7.38297e-15
354.663	7.38297e-15
354.663	7.38297e-15
354.663	7.38297e-15
354.663	7.38297e-15
355.52	7.38141e-15
356.298	7.38e-15
360.185	7.37306e-15
370.651	7.35513e-15
370.651	7.35513e-15
372.825	7.35154e-15
372.825	7.35154e-15
375.6	7.34701e-15
375.6	7.34701e-15
375.6	7.34701e-15
375.6	7.34701e-15
375.6	7.34701e-15
375.6	7.34701e-15
376.425	7.34568e-15
377.224	7.3444e-15
381.221	7.33806e-15
392.481	7.3209e-15
392.481	7.3209e-15
394.704	7.31764e-15
394.704	7.31764e-15
398.009	7.31285e-15
398.009	7.31285e-15
398.009	7.31285e-15
398.009	7.31285e-15
398.009	7.31285e-15
398.009	7.31285e-15
398.009	7.31285e-15
398.009	7.31285e-15
399.233	7.3111e-15
400.351	7.3095e-15
405.944	7.30168e-15
415.113	7.28931e-15
415.113	7.28931e-15
416.572	7.28739e-15
416.572	7.28739e-15
418.149	7.28533e-15
418.149	7.28533e-15
419.363	7.28376e-15
419.363	7.28376e-15
420.676	7.28207e-15
420.676	7.28207e-15
420.676	7.28207e-15
421.224	7.28137e-15
421.224	7.28137e-15
421.224	7.28137e-15
421.625	7.28086e-15
421.625	7.28086e-15
421.625	7.28086e-15
421.625	7.28086e-15
421.625	7.28086e-15
421.625	7.28086e-15
421.625	7.28086e-15
421.891	7.28052e-15
422.143	7.2802e-15
423.401	7.2786e-15
429.691	7.27076e-15
441.856	7.2563e-15
441.856	7.2563e-15
441.856	7.2563e-15
444.263	7.25354e-15
444.263	7.25354e-15
444.263	7.25354e-15
445.777	7.25182e-15
445.777	7.25182e-15
448.462	7.2488e-15
451.241	7.24572e-15
465.133	7.23091e-15
465.133	7.23091e-15
469.695	7.22625e-15
469.695	7.22625e-15
469.695	7.22625e-15
472.295	7.22364e-15
472.295	7.22364e-15
472.295	7.22364e-15
472.295	7.22364e-15
474.51	7.22143e-15
476.504	7.21947e-15
486.475	7.20992e-15
486.475	7.20992e-15
491.141	7.20559e-15
491.141	7.20559e-15
491.141	7.20559e-15
491.141	7.20559e-15
492.97	7.20392e-15
492.97	7.20392e-15
492.97	7.20392e-15
492.97	7.20392e-15
492.97	7.20392e-15
494.441	7.20258e-15
495.767	7.20138e-15
497	7.20028e-15
497	7.20028e-15
500.125	7.1975e-15
500.125	7.1975e-15
500.125	7.1975e-15
501.704	7.19611e-15
503.467	7.19457e-15
512.28	7.18704e-15
527.245	7.17489e-15
527.245	7.17489e-15
529.662	7.17299e-15
529.662	7.17299e-15
529.662	7.17299e-15
530.558	7.1723e-15
530.558	7.1723e-15
530.558	7.1723e-15
530.558	7.1723e-15
530.558	7.1723e-15
530.993	7.17196e-15
531.394	7.17165e-15
533.396	7.17011e-15
543.41	7.16258e-15
558.94	7.15152e-15
558.94	7.15152e-15
561.289	7.14991e-15
561.289	7.14991e-15
561.289	7.14991e-15
562.177	7.14931e-15
562.177	7.14931e-15
562.177	7.14931e-15
562.177	7.14931e-15
562.177	7.14931e-15
562.64	7.14899e-15
563.15	7.14864e-15
565.702	7.14692e-15
571.364	7.14317e-15
585.018	7.13449e-15
585.018	7.13449e-15
589.511	7.13174e-15
589.511	7.13174e-15
593.091	7.12959e-15
593.091	7.12959e-15
593.091	7.12959e-15
594.41	7.1288e-15
594.41	7.1288e-15
594.41	7.1288e-15
594.41	7.1288e-15
595.522	7.12814e-15
595.522	7.12814e-15
595.522	7.12814e-15
595.522	7.12814e-15
595.522	7.12814e-15
595.522	7.12814e-15
595.522	7.12814e-15
595.522	7.12814e-15
596.155	7.12777e-15
596.734	7.12743e-15
599.63	7.12573e-15
614.107	7.11756e-15
614.107	7.11756e-15
617.841	7.11554e-15
617.841	7.11554e-15
619.881	7.11444e-15
630.079	7.1091e-15
630.079	7.1091e-15
630.079	7.1091e-15
630.783	7.10873e-15
630.783	7.10873e-15
630.783	7.10873e-15
630.783	7.10873e-15
631.038	7.1086e-15
631.311	7.10846e-15
632.676	7.10777e-15
639.501	7.10438e-15
654.546	7.0974e-15
654.546	7.0974e-15
657.394	7.09615e-15
657.394	7.09615e-15
659.646	7.09517e-15
659.646	7.09517e-15
661.654	7.09431e-15
661.654	7.09431e-15
666.51	7.09228e-15
666.51	7.09228e-15
666.51	7.09228e-15
667.93	7.0917e-15
667.93	7.0917e-15
667.93	7.0917e-15
667.93	7.0917e-15
667.93	7.0917e-15
668.368	7.09152e-15
668.891	7.0913e-15
671.505	7.09025e-15
684.576	7.08518e-15
701.55	7.0791e-15
701.55	7.0791e-15
705.706	7.07769e-15
705.706	7.07769e-15
705.706	7.07769e-15
707.089	7.07723e-15
707.089	7.07723e-15
707.089	7.07723e-15
707.089	7.07723e-15
707.946	7.07695e-15
711.212	7.07588e-15
727.546	7.07077e-15
746.274	7.06539e-15
746.274	7.06539e-15
746.274	7.06539e-15
748.628	7.06475e-15
748.628	7.06475e-15
748.628	7.06475e-15
748.628	7.06475e-15
748.628	7.06475e-15
749.742	7.06445e-15
749.742	7.06445e-15
749.742	7.06445e-15
749.742	7.06445e-15
749.742	7.06445e-15
749.742	7.06445e-15
749.742	7.06445e-15
750.756	7.06417e-15
751.678	7.06393e-15
756.287	7.06271e-15
779.333	7.05697e-15
779.333	7.05697e-15
783.765	7.05593e-15
783.765	7.05593e-15
787.287	7.05513e-15
787.287	7.05513e-15
791.106	7.05426e-15
791.106	7.05426e-15
791.106	7.05426e-15
792.906	7.05386e-15
792.906	7.05386e-15
792.906	7.05386e-15
794.135	7.05359e-15
794.135	7.05359e-15
794.135	7.05359e-15
794.135	7.05359e-15
794.135	7.05359e-15
794.135	7.05359e-15
794.135	7.05359e-15
795.152	7.05336e-15
796.074	7.05316e-15
800.682	7.05216e-15
823.725	7.04742e-15
823.725	7.04742e-15
828.165	7.04656e-15
828.165	7.04656e-15
832.605	7.04571e-15
832.605	7.04571e-15
837.248	7.04484e-15
837.248	7.04484e-15
837.248	7.04484e-15
839.599	7.0444e-15
839.599	7.0444e-15
839.599	7.0444e-15
841.057	7.04414e-15
841.057	7.04414e-15
841.057	7.04414e-15
841.057	7.04414e-15
841.057	7.04414e-15
842.233	7.04392e-15
843.361	7.04372e-15
846.451	7.04316e-15
861.905	7.04047e-15
887.016	7.0364e-15
887.016	7.0364e-15
887.016	7.0364e-15
889.348	7.03604e-15
889.348	7.03604e-15
889.348	7.03604e-15
890.958	7.0358e-15
890.958	7.0358e-15
890.958	7.0358e-15
890.958	7.0358e-15
890.958	7.0358e-15
890.958	7.0358e-15
890.958	7.0358e-15
892.115	7.03562e-15
893.169	7.03546e-15
898.434	7.03467e-15
924.763	7.03093e-15
924.763	7.03093e-15
930.499	7.03015e-15
930.499	7.03015e-15
934.043	7.02968e-15
934.043	7.02968e-15
937.05	7.02929e-15
937.05	7.02929e-15
939.644	7.02895e-15
939.644	7.02895e-15
939.644	7.02895e-15
941.582	7.0287e-15
941.582	7.0287e-15
943.96	7.02839e-15
943.96	7.02839e-15
943.96	7.02839e-15
943.96	7.02839e-15
943.96	7.02839e-15
943.96	7.02839e-15
943.96	7.02839e-15
943.96	7.02839e-15
945.09	7.02825e-15
946.119	7.02812e-15
951.265	7.02747e-15
976.992	7.02442e-15
976.992	7.02442e-15
980.672	7.024e-15
999.072	7.02201e-15
999.072	7.02201e-15
999.072	7.02201e-15
999.072	7.02201e-15
999.824	7.02193e-15
999.824	7.02193e-15
999.824	7.02193e-15
999.824	7.02193e-15
999.824	7.02193e-15
1000.41	7.02187e-15
1001.01	7.02181e-15
1004.04	7.0215e-15
1019.16	7.01996e-15
1055.91	7.01645e-15
1055.91	7.01645e-15
1055.91	7.01645e-15
1055.91	7.01645e-15
1059.03	7.01616e-15
1059.03	7.01616e-15
1059.03	7.01616e-15
1059.03	7.01616e-15
1059.03	7.01616e-15
1059.03	7.01616e-15
1064.45	7.01567e-15
1069.42	7.01523e-15
1094.27	7.01307e-15
1094.27	7.01307e-15
1113.44	7.01148e-15
1113.44	7.01148e-15
1113.44	7.01148e-15
1119.58	7.01098e-15
1119.58	7.01098e-15
1119.58	7.01098e-15
1119.58	7.01098e-15
1119.58	7.01098e-15
1123.08	7.0107e-15
1127.01	7.01039e-15
1146.65	7.00886e-15
1146.65	7.00886e-15
1165.67	7.00744e-15
1165.67	7.00744e-15
1176.68	7.00664e-15
1176.68	7.00664e-15
1176.68	7.00664e-15
1184.55	7.00607e-15
1184.55	7.00607e-15
1184.55	7.00607e-15
1184.55	7.00607e-15
1189.13	7.00575e-15
1193.79	7.00543e-15
1217.05	7.00384e-15
1217.05	7.00384e-15
1235.75	7.00261e-15
1235.75	7.00261e-15
1249.07	7.00175e-15
1249.07	7.00175e-15
1249.07	7.00175e-15
1258.75	7.00115e-15
1258.75	7.00115e-15
1258.75	7.00115e-15
1294.55	6.99899e-15
1327.8	6.99709e-15
1327.8	6.99709e-15
1327.8	6.99709e-15
1327.8	6.99709e-15
1335.19	6.99668e-15
1342.04	6.99631e-15
1376.27	6.9945e-15
1376.27	6.9945e-15
1405.8	6.99302e-15
1405.8	6.99302e-15
1405.8	6.99302e-15
1405.8	6.99302e-15
1416.25	6.99251e-15
1428.45	6.99193e-15
1489.43	6.98916e-15
1489.43	6.98916e-15
1489.43	6.98916e-15
1511.88	6.98819e-15
1533.45	6.9873e-15
1612.5	6.98423e-15
1612.5	6.98423e-15
1659.13	6.98256e-15
1659.13	6.98256e-15
1659.13	6.98256e-15
1682.91	6.98175e-15
1706.56	6.98097e-15
1706.56	6.98097e-15
1762.46	6.9792e-15
1762.46	6.9792e-15
1762.46	6.9792e-15
1762.46	6.9792e-15
1780.08	6.97867e-15
1799.1	6.9781e-15
1799.1	6.9781e-15
1843.8	6.97683e-15
1843.8	6.97683e-15
1871.78	6.97606e-15
1871.78	6.97606e-15
1871.78	6.97606e-15
1871.78	6.97606e-15
1871.78	6.97606e-15
1887.15	6.97565e-15
1901.64	6.97527e-15
1974.07	6.97345e-15
1974.07	6.97345e-15
1974.07	6.97345e-15
1974.07	6.97345e-15
1993.74	6.97298e-15
1993.74	6.97298e-15
1993.74	6.97298e-15
1993.74	6.97298e-15
1993.74	6.97298e-15
1993.74	6.97298e-15
2031.93	6.9721e-15
2066.69	6.97132e-15
2066.69	6.97132e-15
2095.71	6.9707e-15
2095.71	6.9707e-15
2095.71	6.9707e-15
2114.82	6.97029e-15
2135.37	6.96987e-15
2238.13	6.96787e-15
2338.88	6.96609e-15
2338.88	6.96609e-15
2387.15	6.96529e-15
2436.17	6.96451e-15
2436.17	6.96451e-15
2490.77	6.96369e-15
2490.77	6.96369e-15
2522.4	6.96323e-15
2590.81	6.96227e-15
2710.7	6.96072e-15
2710.7	6.96072e-15
2754.82	6.96018e-15
2754.82	6.96018e-15
2788.09	6.95979e-15
2788.09	6.95979e-15
2788.09	6.95979e-15
2819.3	6.95944e-15
2850.76	6.95908e-15
2850.76	6.95908e-15
2991.27	6.95761e-15
3131.49	6.95628e-15
3131.49	6.95628e-15
3131.49	6.95628e-15
3131.49	6.95628e-15
3157.15	6.95605e-15
3157.15	6.95605e-15
3157.15	6.95605e-15
3157.15	6.95605e-15
3157.15	6.95605e-15
3157.15	6.95605e-15
3174.88	6.9559e-15
3192.81	6.95574e-15
3282.5	6.95499e-15
3440.59	6.95377e-15
3440.59	6.95377e-15
3440.59	6.95377e-15
3492.61	6.95339e-15
3492.61	6.95339e-15
3492.61	6.95339e-15
3545.69	6.95302e-15
3545.69	6.95302e-15
3545.69	6.95302e-15
3545.69	6.95302e-15
3545.69	6.95302e-15
3545.69	6.95302e-15
3597.82	6.95267e-15
3644.9	6.95236e-15
3825.72	6.95126e-15
3825.72	6.95126e-15
3904.94	6.95081e-15
3904.94	6.95081e-15
3904.94	6.95081e-15
3968.18	6.95047e-15
3968.18	6.95047e-15
3968.18	6.95047e-15
3968.18	6.95047e-15
4012.1	6.95023e-15
4053.11	6.95002e-15
4258.14	6.94903e-15
4472.7	6.9481e-15
4679.88	6.9473e-15
4922.27	6.94645e-15
5180.07	6.94564e-15
5445.71	6.94489e-15
5445.71	6.94489e-15
5578.41	6.94455e-15
5578.41	6.94455e-15
5578.41	6.94455e-15
5578.41	6.94455e-15
5578.41	6.94455e-15
5643.18	6.94439e-15
5716.11	6.94421e-15
6080.75	6.94339e-15
6080.75	6.94339e-15
6080.75	6.94339e-15
6244.7	6.94306e-15
6244.7	6.94306e-15
6244.7	6.94306e-15
6244.7	6.94306e-15
6313.46	6.94292e-15
6395.57	6.94277e-15
6806.1	6.94204e-15
6806.1	6.94204e-15
7014.08	6.94171e-15
7014.08	6.94171e-15
7014.08	6.94171e-15
7014.08	6.94171e-15
7095.77	6.94158e-15
7171.2	6.94147e-15
7548.37	6.94094e-15
7548.37	6.94094e-15
7773.22	6.94065e-15
7773.22	6.94065e-15
7773.22	6.94065e-15
7925.02	6.94047e-15
7925.02	6.94047e-15
7925.02	6.94047e-15
7925.02	6.94047e-15
7925.02	6.94047e-15
7925.02	6.94047e-15
8056.5	6.94031e-15
8175.49	6.94017e-15
8770.45	6.93955e-15
8770.45	6.93955e-15
8770.45	6.93955e-15
8930.16	6.9394e-15
9090.19	6.93925e-15
9679.84	6.93874e-15
9679.84	6.93874e-15
9960.17	6.93853e-15
9960.17	6.93853e-15
9960.17	6.93853e-15
9960.17	6.93853e-15
9960.17	6.93853e-15
10218.9	6.93834e-15
10453.2	6.93817e-15
11165.3	6.93772e-15
11165.3	6.93772e-15
11165.3	6.93772e-15
11165.3	6.93772e-15
11601.9	6.93746e-15
12004.1	6.93725e-15
12004.1	6.93725e-15
12686.5	6.93691e-15
13309.3	6.93664e-15
14233.4	6.93627e-15
15119.7	6.93596e-15
16189.2	6.93564e-15
17329.9	6.93533e-15
18584.1	6.93504e-15
19958.3	6.93477e-15
21441	6.93451e-15
23055.3	6.93426e-15
24865.6	6.93403e-15
26791.5	6.93381e-15
28553.3	6.93364e-15
31305.3	6.93341e-15
33820.5	6.93323e-15
36600.3	6.93306e-15
39872.1	6.9329e-15
43228	6.93275e-15
43228	6.93275e-15
43228	6.93275e-15
43228	6.93275e-15
45344.6	6.93267e-15
48257	6.93257e-15
48257	6.93257e-15
48257	6.93257e-15
51162	6.93248e-15
54575.5	6.93239e-15
59559.4	6.93228e-15
64929.7	6.93217e-15
71305.8	6.93207e-15
77662.8	6.93198e-15
85187.2	6.9319e-15
91978.7	6.93183e-15
99549.8	6.93177e-15
109733	6.9317e-15
120277	6.93164e-15
129804	6.93159e-15
140083	6.93155e-15
155486	6.9315e-15
170520	6.93146e-15
184688	6.93142e-15
198030	6.93139e-15
221506	6.93135e-15
245223	6.93132e-15
271175	6.93129e-15
301122	6.93126e-15
301122	6.93126e-15
301122	6.93126e-15
328602	6.93124e-15
354437	6.93122e-15
401027	6.9312e-15
401027	6.9312e-15
445151	6.93118e-15
504352	6.93116e-15
558889	6.93114e-15
558889	6.93114e-15
619721	6.93113e-15
619721	6.93113e-15
619721	6.93113e-15
655497	6.93112e-15
696724	6.93112e-15
696724	6.93112e-15
696724	6.93112e-15
696724	6.93112e-15
696724	6.93112e-15
735079	6.93111e-15
775052	6.93111e-15
775052	6.93111e-15
775052	6.93111e-15
830541	6.9311e-15
905132	6.93109e-15
973522	6.93109e-15
973522	6.93109e-15
973522	6.93109e-15
1.07346e+06	6.93108e-15
1.16572e+06	6.93108e-15
1.27555e+06	6.93108e-15
1.40888e+06	6.93107e-15
1.40888e+06	6.93107e-15
1.58885e+06	6.93107e-15
1.79962e+06	6.93106e-15
2.02679e+06	6.93106e-15
2.28505e+06	6.93106e-15
2.59886e+06	6.93106e-15
3.02709e+06	6.93105e-15
3.69312e+06	6.93105e-15
4.45378e+06	6.93105e-15
5.44902e+06	6.93105e-15
6.70539e+06	6.93104e-15
8.31092e+06	6.93104e-15
1.03796e+07	6.93104e-15
1.30689e+07	6.93104e-15
1.65983e+07	6.93104e-15
2.12789e+07	6.93104e-15
2.75492e+07	6.93104e-15
3.60497e+07	6.93104e-15
4.7717e+07	6.93104e-15
6.39391e+07	6.93104e-15
0.001	0
0.101	0
0.601	0
3.101	0
15.601	0
27.9487	2.95248e-13
27.9487	2.95248e-13
27.9587	2.92818e-13
27.9714	2.8979e-13
27.9842	2.86788e-13
27.9972	2.83807e-13
28.0103	2.80846e-13
28.0236	2.77907e-13
28.037	2.74987e-13
28.0506	2.72087e-13
28.0643	2.69207e-13
28.0783	2.66347e-13
28.0924	2.63506e-13
28.1066	2.60683e-13
28.121	2.5788e-13
28.1356	2.55095e-13
28.1504	2.52328e-13
28.1653	2.4958e-13
28.1804	2.46849e-13
28.1804	2.46849e-13
28.1804	2.46849e-13
28.184	2.46206e-13
28.1882	2.45467e-13
28.2036	2.4275e-13
28.2192	2.40064e-13
28.235	2.37397e-13
28.2509	2.34746e-13
28.267	2.32114e-13
28.2834	2.29498e-13
28.2999	2.269e-13
28.3166	2.24318e-13
28.3335	2.21754e-13
28.3506	2.19206e-13
28.3679	2.16676e-13
28.3855	2.14162e-13
28.4032	2.11665e-13
28.4212	2.09184e-13
28.4394	2.06721e-13
28.4578	2.04273e-13
28.4764	2.01843e-13
28.4952	1.99429e-13
28.5143	1.97031e-13
28.5336	1.9465e-13
28.5532	1.92285e-13
28.573	1.89936e-13
28.5931	1.87604e-13
28.6134	1.85289e-13
28.634	1.8299e-13
28.6548	1.80707e-13
28.6759	1.7844e-13
28.6973	1.7619e-13
28.7189	1.73956e-13
28.7409	1.71738e-13
28.7631	1.69537e-13
28.7856	1.67352e-13
28.8085	1.65183e-13
28.8316	1.63031e-13
28.855	1.60895e-13
28.8788	1.58776e-13
28.9029	1.56672e-13
28.9273	1.54586e-13
28.9521	1.52515e-13
28.9772	1.50461e-13
29.0027	1.48424e-13
29.0285	1.46403e-13
29.0547	1.44398e-13
29.0813	1.4241e-13
29.1083	1.40439e-13
29.1357	1.38484e-13
29.1635	1.36546e-13
29.1917	1.34624e-13
29.2204	1.32719e-13
29.2495	1.30831e-13
29.279	1.28959e-13
29.309	1.27104e-13
29.3394	1.25266e-13
29.3704	1.23445e-13
29.4018	1.21641e-13
29.4338	1.19853e-13
29.4663	1.18083e-13
29.4993	1.1633e-13
29.5328	1.14593e-13
29.5669	1.12874e-13
29.6016	1.11172e-13
29.6369	1.09487e-13
29.6728	1.07819e-13
29.7093	1.06169e-13
29.7464	1.04536e-13
29.7842	1.0292e-13
29.8227	1.01322e-13
29.8618	9.97416e-14
29.9017	9.81784e-14
29.9423	9.66329e-14
29.9836	9.5105e-14
30.0257	9.35948e-14
30.0686	9.21023e-14
30.1122	9.06275e-14
30.1567	8.91705e-14
30.2021	8.77314e-14
30.2483	8.631e-14
30.2954	8.49066e-14
30.3434	8.3521e-14
30.3923	8.21533e-14
30.4422	8.08034e-14
30.4931	7.94715e-14
30.545	7.81573e-14
30.5979	7.6861e-14
30.6519	7.55825e-14
30.707	7.43216e-14
30.7632	7.30785e-14
30.8206	7.18529e-14
30.8792	7.06448e-14
30.9389	6.94541e-14
31	6.82808e-14
31.0623	6.71245e-14
31.126	6.59853e-14
31.1911	6.4863e-14
31.2576	6.37573e-14
31.3255	6.26682e-14
31.3949	6.15954e-14
31.4659	6.05388e-14
31.5386	5.9498e-14
31.6128	5.84729e-14
31.6128	5.84729e-14
31.6128	5.84729e-14
31.6128	5.84729e-14
31.6128	5.84729e-14
31.6273	5.82776e-14
31.6459	5.80293e-14
31.6459	5.80293e-14
31.7237	5.70131e-14
31.8023	5.60253e-14
31.8828	5.50523e-14
31.9653	5.40938e-14
32.0498	5.31496e-14
32.1365	5.22193e-14
32.1365	5.22193e-14
32.1606	5.19669e-14
32.1606	5.19669e-14
32.1848	5.17156e-14
32.1848	5.17156e-14
32.1848	5.17156e-14
32.1961	5.15999e-14
32.1961	5.15999e-14
32.1961	5.15999e-14
32.1961	5.15999e-14
32.1961	5.15999e-14
32.1961	5.15999e-14
32.1961	5.15999e-14
32.1961	5.15999e-14
32.1961	5.15999e-14
32.1982	5.15787e-14
32.2001	5.15594e-14
32.2095	5.14633e-14
32.2566	5.09888e-14
32.3486	5.00887e-14
32.443	4.92031e-14
32.5399	4.83302e-14
32.6394	4.74697e-14
32.7417	4.66213e-14
32.8469	4.57846e-14
32.9552	4.49594e-14
33.0666	4.41453e-14
33.1813	4.33421e-14
33.2996	4.25494e-14
33.4216	4.17669e-14
33.5474	4.09943e-14
33.6774	4.02313e-14
33.8117	3.94775e-14
33.8117	3.94775e-14
33.8503	3.9267e-14
33.8503	3.9267e-14
33.8503	3.9267e-14
33.8685	3.91689e-14
33.8685	3.91689e-14
33.8685	3.91689e-14
33.8685	3.91689e-14
33.8685	3.91689e-14
33.8733	3.91432e-14
33.8733	3.91432e-14
33.8733	3.91432e-14
33.8733	3.91432e-14
33.8733	3.91432e-14
33.8733	3.91432e-14
33.8733	3.91432e-14
33.877	3.91234e-14
33.8803	3.91055e-14
33.897	3.90163e-14
33.9803	3.85777e-14
34.125	3.78443e-14
34.2751	3.71179e-14
34.4308	3.63992e-14
34.4308	3.63992e-14
34.477	3.61925e-14
34.477	3.61925e-14
34.5108	3.6043e-14
34.5108	3.6043e-14
34.5466	3.58867e-14
34.5466	3.58867e-14
34.5466	3.58867e-14
34.5466	3.58867e-14
34.5528	3.58596e-14
34.5528	3.58596e-14
34.5528	3.58596e-14
34.5528	3.58596e-14
34.5562	3.58448e-14
34.5562	3.58448e-14
34.5562	3.58448e-14
34.5562	3.58448e-14
34.5562	3.58448e-14
34.5562	3.58448e-14
34.5562	3.58448e-14
34.5572	3.58404e-14
34.5582	3.58362e-14
34.563	3.58152e-14
34.5873	3.57104e-14
34.7087	3.51975e-14
34.7087	3.51975e-14
34.7087	3.51975e-14
34.7087	3.51975e-14
34.7087	3.51975e-14
34.7087	3.51975e-14
34.7087	3.51975e-14
34.7087	3.51975e-14
34.7087	3.51975e-14
34.7087	3.51975e-14
34.7112	3.51875e-14
34.7134	3.51783e-14
34.7244	3.51326e-14
34.7796	3.49063e-14
34.9543	3.42139e-14
35.1377	3.35221e-14
35.3295	3.28351e-14
35.3295	3.28351e-14
35.3668	3.27055e-14
35.3668	3.27055e-14
35.4068	3.25678e-14
35.4068	3.25678e-14
35.4519	3.24147e-14
35.4519	3.24147e-14
35.4519	3.24147e-14
35.475	3.23367e-14
35.475	3.23367e-14
35.475	3.23367e-14
35.4939	3.22733e-14
35.5206	3.21846e-14
35.6538	3.17498e-14
35.8708	3.10728e-14
36.103	3.03877e-14
36.3506	2.96984e-14
36.617	2.90004e-14
36.9079	2.82849e-14
37.2356	2.7532e-14
37.6441	2.66642e-14
37.6441	2.66642e-14
38.0148	2.5937e-14
38.4054	2.52261e-14
38.7714	2.46061e-14
39.1348	2.40304e-14
39.4958	2.3494e-14
39.4958	2.3494e-14
39.5615	2.33999e-14
39.5615	2.33999e-14
39.6151	2.33239e-14
39.6151	2.33239e-14
39.6665	2.32517e-14
39.6665	2.32517e-14
39.7107	2.31901e-14
39.7107	2.31901e-14
39.7505	2.3135e-14
39.7505	2.3135e-14
39.8032	2.30627e-14
39.8032	2.30627e-14
39.8032	2.30627e-14
39.8032	2.30627e-14
39.8032	2.30627e-14
39.8153	2.30463e-14
39.8269	2.30305e-14
39.8849	2.29519e-14
40.1749	2.257e-14
40.5537	2.20974e-14
40.9285	2.16566e-14
41.3084	2.12348e-14
41.6934	2.08308e-14
42.0843	2.0443e-14
42.0843	2.0443e-14
42.1585	2.03717e-14
42.1585	2.03717e-14
42.1585	2.03717e-14
42.1585	2.03717e-14
42.1585	2.03717e-14
42.1763	2.03548e-14
42.1936	2.03383e-14
42.28	2.02567e-14
42.7119	1.98629e-14
43.1161	1.95145e-14
43.5296	1.91767e-14
43.9511	1.88502e-14
44.3809	1.85344e-14
44.3809	1.85344e-14
44.576	1.83964e-14
44.576	1.83964e-14
44.576	1.83964e-14
44.6552	1.83413e-14
44.6552	1.83413e-14
44.6552	1.83413e-14
44.6552	1.83413e-14
44.6552	1.83413e-14
44.6552	1.83413e-14
44.6986	1.83113e-14
44.7453	1.82792e-14
44.979	1.81213e-14
45.4384	1.7823e-14
45.8987	1.75395e-14
46.3694	1.72641e-14
46.8506	1.69967e-14
46.8506	1.69967e-14
47.045	1.68924e-14
47.045	1.68924e-14
47.1648	1.68292e-14
47.1648	1.68292e-14
47.3133	1.6752e-14
47.3133	1.6752e-14
47.5472	1.66326e-14
47.5472	1.66326e-14
47.5472	1.66326e-14
47.6564	1.65779e-14
47.6564	1.65779e-14
47.6564	1.65779e-14
47.6564	1.65779e-14
47.6564	1.65779e-14
47.6564	1.65779e-14
47.6564	1.65779e-14
47.7607	1.65262e-14
47.8555	1.64797e-14
48.3293	1.62535e-14
48.8561	1.60141e-14
49.3939	1.57817e-14
49.9445	1.55556e-14
49.9445	1.55556e-14
49.9445	1.55556e-14
50.0484	1.55141e-14
50.0484	1.55141e-14
50.0484	1.55141e-14
50.1246	1.5484e-14
50.1959	1.5456e-14
50.5521	1.53187e-14
51.1365	1.51026e-14
51.7283	1.48946e-14
52.3348	1.46918e-14
52.9563	1.44942e-14
52.9563	1.44942e-14
52.9563	1.44942e-14
53.042	1.44677e-14
53.042	1.44677e-14
53.042	1.44677e-14
53.042	1.44677e-14
53.0937	1.44518e-14
53.1486	1.4435e-14
53.4228	1.43522e-14
54.0813	1.41604e-14
54.7454	1.39765e-14
55.4266	1.37971e-14
56.1251	1.36221e-14
56.1251	1.36221e-14
56.1251	1.36221e-14
56.2098	1.36014e-14
56.2098	1.36014e-14
56.2098	1.36014e-14
56.2098	1.36014e-14
56.2807	1.35843e-14
56.3675	1.35634e-14
56.8019	1.34606e-14
57.5425	1.32924e-14
58.2943	1.313e-14
59.0657	1.29716e-14
59.0657	1.29716e-14
59.2162	1.29416e-14
59.2162	1.29416e-14
59.3221	1.29206e-14
59.3221	1.29206e-14
59.4116	1.29031e-14
59.4116	1.29031e-14
59.5622	1.28737e-14
59.5622	1.28737e-14
59.5622	1.28737e-14
59.5622	1.28737e-14
59.5622	1.28737e-14
59.5622	1.28737e-14
59.5622	1.28737e-14
59.5622	1.28737e-14
59.5622	1.28737e-14
59.594	1.28675e-14
59.6229	1.28619e-14
59.7678	1.28341e-14
60.4918	1.26985e-14
61.3157	1.25515e-14
62.1594	1.24083e-14
62.1594	1.24083e-14
62.383	1.23715e-14
62.383	1.23715e-14
62.5738	1.23406e-14
62.5738	1.23406e-14
62.7089	1.23188e-14
62.7089	1.23188e-14
62.7089	1.23188e-14
62.7089	1.23188e-14
62.7442	1.23132e-14
62.7442	1.23132e-14
62.7442	1.23132e-14
62.7442	1.23132e-14
62.7442	1.23132e-14
62.7442	1.23132e-14
62.7442	1.23132e-14
62.7442	1.23132e-14
62.7442	1.23132e-14
62.7522	1.23119e-14
62.7607	1.23105e-14
62.803	1.23038e-14
63.0147	1.22703e-14
63.0147	1.22703e-14
63.0147	1.22703e-14
63.0902	1.22584e-14
63.0902	1.22584e-14
63.0902	1.22584e-14
63.0902	1.22584e-14
63.0902	1.22584e-14
63.0902	1.22584e-14
63.0902	1.22584e-14
63.0902	1.22584e-14
63.1233	1.22532e-14
63.1535	1.22485e-14
63.3041	1.22251e-14
64.0572	1.21109e-14
64.0572	1.21109e-14
64.3936	1.20614e-14
64.3936	1.20614e-14
64.6512	1.20241e-14
64.6512	1.20241e-14
64.6512	1.20241e-14
64.7717	1.20069e-14
64.7717	1.20069e-14
64.7717	1.20069e-14
64.7717	1.20069e-14
64.7717	1.20069e-14
64.7717	1.20069e-14
64.7717	1.20069e-14
64.7903	1.20042e-14
64.808	1.20017e-14
64.8962	1.19892e-14
65.3372	1.19274e-14
66.307	1.17965e-14
66.307	1.17965e-14
66.5217	1.17684e-14
66.5217	1.17684e-14
66.8352	1.1728e-14
67.2223	1.16789e-14
67.2223	1.16789e-14
67.2223	1.16789e-14
67.4092	1.16556e-14
67.4092	1.16556e-14
67.4092	1.16556e-14
67.4092	1.16556e-14
67.4092	1.16556e-14
67.4092	1.16556e-14
67.4092	1.16556e-14
67.4585	1.16494e-14
67.5119	1.16428e-14
67.5119	1.16428e-14
67.6209	1.16294e-14
67.6209	1.16294e-14
67.6209	1.16294e-14
67.6209	1.16294e-14
67.6209	1.16294e-14
67.6209	1.16294e-14
67.6549	1.16252e-14
67.6861	1.16214e-14
67.8425	1.16023e-14
68.6243	1.15091e-14
69.6745	1.13893e-14
70.7475	1.12731e-14
70.7475	1.12731e-14
70.7475	1.12731e-14
70.7475	1.12731e-14
70.7475	1.12731e-14
70.7475	1.12731e-14
71.0642	1.12399e-14
71.3497	1.12103e-14
71.3497	1.12103e-14
72.4686	1.10983e-14
73.6174	1.0989e-14
74.7973	1.08823e-14
74.7973	1.08823e-14
74.7973	1.08823e-14
74.9409	1.08697e-14
74.9409	1.08697e-14
74.9409	1.08697e-14
74.9409	1.08697e-14
74.9409	1.08697e-14
74.9826	1.08661e-14
74.9826	1.08661e-14
74.9826	1.08661e-14
74.9826	1.08661e-14
74.9826	1.08661e-14
74.9826	1.08661e-14
74.9826	1.08661e-14
75.0162	1.08631e-14
75.0466	1.08605e-14
75.1987	1.08473e-14
75.9591	1.07824e-14
77.2303	1.06784e-14
78.5255	1.05778e-14
78.5255	1.05778e-14
78.7572	1.05603e-14
78.7572	1.05603e-14
78.8944	1.055e-14
78.8944	1.055e-14
79.0045	1.05418e-14
79.0045	1.05418e-14
79.1023	1.05345e-14
79.1023	1.05345e-14
79.2606	1.05229e-14
79.2606	1.05229e-14
79.3783	1.05142e-14
79.3783	1.05142e-14
79.3783	1.05142e-14
79.4217	1.0511e-14
79.4217	1.0511e-14
79.4217	1.0511e-14
79.4217	1.0511e-14
79.4217	1.0511e-14
79.4217	1.0511e-14
79.4377	1.05099e-14
79.4581	1.05084e-14
79.5604	1.05009e-14
80.0716	1.04641e-14
81.4101	1.03711e-14
82.7689	1.02815e-14
82.7689	1.02815e-14
83.1368	1.02581e-14
83.1368	1.02581e-14
83.3789	1.02428e-14
83.3789	1.02428e-14
83.5945	1.02293e-14
83.5945	1.02293e-14
83.7376	1.02204e-14
83.7376	1.02204e-14
83.8672	1.02124e-14
83.8672	1.02124e-14
83.9969	1.02044e-14
83.9969	1.02044e-14
84.1318	1.01961e-14
84.1318	1.01961e-14
84.1318	1.01961e-14
84.1318	1.01961e-14
84.1318	1.01961e-14
84.1318	1.01961e-14
84.1318	1.01961e-14
84.1318	1.01961e-14
84.1318	1.01961e-14
84.1635	1.01942e-14
84.1924	1.01924e-14
84.3372	1.01836e-14
85.0611	1.01403e-14
86.5613	1.00539e-14
88.0878	9.97051e-15
88.0878	9.97051e-15
88.9486	9.92533e-15
88.9486	9.92533e-15
88.9486	9.92533e-15
88.9486	9.92533e-15
89.1426	9.91532e-15
89.3481	9.90479e-15
90.3756	9.85318e-15
92.0176	9.77417e-15
93.6937	9.69762e-15
93.6937	9.69762e-15
94.2194	9.67442e-15
94.2194	9.67442e-15
94.2194	9.67442e-15
94.2194	9.67442e-15
94.4235	9.66551e-15
94.6461	9.65585e-15
95.7592	9.60854e-15
97.5497	9.53563e-15
97.5497	9.53563e-15
97.5497	9.53563e-15
97.5497	9.53563e-15
97.5497	9.53563e-15
97.5497	9.53563e-15
98.1254	9.51298e-15
98.7835	9.48755e-15
98.7835	9.48755e-15
99.5664	9.4579e-15
99.5664	9.4579e-15
99.5664	9.4579e-15
99.8916	9.44578e-15
99.8916	9.44578e-15
99.8916	9.44578e-15
99.8916	9.44578e-15
99.8916	9.44578e-15
99.8916	9.44578e-15
100.08	9.4388e-15
100.254	9.43239e-15
101.125	9.40079e-15
103.07	9.33288e-15
105.05	9.2673e-15
105.05	9.2673e-15
105.652	9.24803e-15
105.652	9.24803e-15
105.652	9.24803e-15
105.652	9.24803e-15
105.951	9.23858e-15
106.254	9.22905e-15
107.771	9.18252e-15
109.891	9.12042e-15
112.06	9.06014e-15
112.06	9.06014e-15
112.06	9.06014e-15
112.06	9.06014e-15
112.06	9.06014e-15
112.06	9.06014e-15
112.275	9.05432e-15
112.623	9.04499e-15
114.364	8.99943e-15
116.666	8.94199e-15
116.666	8.94199e-15
117.122	8.93095e-15
117.122	8.93095e-15
117.456	8.92295e-15
117.456	8.92295e-15
117.77	8.91548e-15
117.77	8.91548e-15
118.159	8.9063e-15
118.159	8.9063e-15
118.591	8.89619e-15
118.591	8.89619e-15
118.591	8.89619e-15
118.591	8.89619e-15
118.749	8.89252e-15
118.749	8.89252e-15
118.749	8.89252e-15
118.847	8.89026e-15
118.847	8.89026e-15
118.847	8.89026e-15
118.847	8.89026e-15
118.847	8.89026e-15
119.071	8.88508e-15
119.275	8.88038e-15
120.297	8.8572e-15
122.837	8.80173e-15
122.837	8.80173e-15
123.598	8.78567e-15
123.598	8.78567e-15
123.951	8.77831e-15
123.951	8.77831e-15
123.951	8.77831e-15
124.249	8.77215e-15
124.249	8.77215e-15
124.249	8.77215e-15
124.249	8.77215e-15
124.249	8.77215e-15
124.249	8.77215e-15
124.249	8.77215e-15
124.312	8.77084e-15
124.373	8.76959e-15
124.677	8.76335e-15
124.677	8.76335e-15
124.92	8.75838e-15
124.92	8.75838e-15
125.137	8.75396e-15
125.137	8.75396e-15
125.394	8.74876e-15
125.394	8.74876e-15
125.633	8.74394e-15
125.633	8.74394e-15
125.842	8.73977e-15
125.842	8.73977e-15
125.842	8.73977e-15
125.842	8.73977e-15
125.842	8.73977e-15
125.894	8.73873e-15
125.963	8.73735e-15
125.963	8.73735e-15
126.193	8.73278e-15
126.193	8.73278e-15
126.193	8.73278e-15
126.193	8.73278e-15
126.193	8.73278e-15
126.193	8.73278e-15
126.274	8.73117e-15
126.35	8.72966e-15
126.731	8.72215e-15
128.639	8.68545e-15
131.274	8.63707e-15
131.274	8.63707e-15
131.702	8.62945e-15
131.702	8.62945e-15
132.086	8.62267e-15
132.086	8.62267e-15
132.694	8.61206e-15
132.694	8.61206e-15
133.141	8.60432e-15
133.141	8.60432e-15
133.141	8.60432e-15
133.141	8.60432e-15
133.244	8.60254e-15
133.244	8.60254e-15
133.244	8.60254e-15
133.342	8.60087e-15
133.432	8.59932e-15
133.521	8.5978e-15
133.602	8.59642e-15
134.005	8.58957e-15
136.02	8.5561e-15
138.918	8.51013e-15
138.918	8.51013e-15
139.84	8.49601e-15
139.84	8.49601e-15
140.632	8.48407e-15
140.632	8.48407e-15
141.572	8.47011e-15
142.509	8.45644e-15
145.611	8.41275e-15
148.767	8.37064e-15
148.767	8.37064e-15
148.767	8.37064e-15
149.379	8.36273e-15
149.379	8.36273e-15
149.379	8.36273e-15
149.379	8.36273e-15
149.379	8.36273e-15
149.695	8.35868e-15
149.999	8.3548e-15
151.52	8.33569e-15
154.873	8.29521e-15
158.294	8.25609e-15
158.294	8.25609e-15
158.294	8.25609e-15
158.294	8.25609e-15
158.809	8.25037e-15
159.277	8.24523e-15
161.616	8.22005e-15
165.25	8.18266e-15
165.25	8.18266e-15
166.631	8.16897e-15
166.631	8.16897e-15
166.631	8.16897e-15
167.461	8.16088e-15
167.461	8.16088e-15
167.461	8.16088e-15
167.461	8.16088e-15
167.921	8.15644e-15
168.415	8.1517e-15
170.886	8.1285e-15
174.792	8.09345e-15
174.792	8.09345e-15
176.038	8.08266e-15
176.038	8.08266e-15
177.21	8.07268e-15
177.21	8.07268e-15
177.21	8.07268e-15
177.905	8.06684e-15
178.532	8.06162e-15
181.664	8.03618e-15
185.879	8.00356e-15
185.879	8.00356e-15
186.681	7.99756e-15
186.681	7.99756e-15
187.469	7.99172e-15
187.469	7.99172e-15
188.271	7.98583e-15
188.271	7.98583e-15
188.271	7.98583e-15
188.271	7.98583e-15
188.271	7.98583e-15
188.514	7.98406e-15
188.734	7.98246e-15
189.83	7.97456e-15
189.83	7.97456e-15
194.394	7.94279e-15
199.016	7.91235e-15
199.016	7.91235e-15
199.016	7.91235e-15
199.321	7.9104e-15
199.321	7.9104e-15
199.321	7.9104e-15
199.321	7.9104e-15
199.511	7.90919e-15
199.511	7.90919e-15
199.511	7.90919e-15
199.511	7.90919e-15
199.511	7.90919e-15
199.511	7.90919e-15
199.835	7.90713e-15
200.131	7.90525e-15
201.613	7.89596e-15
206.237	7.86794e-15
211.33	7.83869e-15
211.33	7.83869e-15
211.33	7.83869e-15
211.33	7.83869e-15
211.33	7.83869e-15
211.33	7.83869e-15
212.851	7.83026e-15
214.235	7.8227e-15
219.659	7.79413e-15
219.659	7.79413e-15
221.041	7.78711e-15
221.041	7.78711e-15
222.609	7.77925e-15
222.609	7.77925e-15
222.609	7.77925e-15
223.462	7.77503e-15
223.462	7.77503e-15
223.462	7.77503e-15
223.462	7.77503e-15
223.914	7.7728e-15
224.392	7.77047e-15
226.778	7.75895e-15
232.6	7.73196e-15
232.6	7.73196e-15
234.222	7.72471e-15
234.222	7.72471e-15
235.524	7.71897e-15
235.524	7.71897e-15
237.07	7.71224e-15
237.07	7.71224e-15
237.07	7.71224e-15
237.07	7.71224e-15
237.07	7.71224e-15
237.07	7.71224e-15
237.07	7.71224e-15
237.07	7.71224e-15
237.792	7.70913e-15
238.451	7.70631e-15
241.744	7.69247e-15
241.744	7.69247e-15
244.593	7.68083e-15
244.593	7.68083e-15
246.418	7.67353e-15
246.418	7.67353e-15
246.418	7.67353e-15
247.162	7.67059e-15
247.162	7.67059e-15
247.162	7.67059e-15
247.162	7.67059e-15
247.162	7.67059e-15
247.162	7.67059e-15
247.162	7.67059e-15
247.162	7.67059e-15
247.162	7.67059e-15
247.162	7.67059e-15
247.303	7.67003e-15
247.457	7.66943e-15
248.229	7.6664e-15
248.229	7.6664e-15
248.229	7.6664e-15
249.03	7.66329e-15
249.03	7.66329e-15
249.03	7.66329e-15
249.03	7.66329e-15
249.401	7.66185e-15
249.742	7.66054e-15
249.742	7.66054e-15
250.689	7.6569e-15
250.689	7.6569e-15
250.689	7.6569e-15
250.689	7.6569e-15
251.228	7.65484e-15
251.831	7.65256e-15
254.845	7.6413e-15
261.6	7.6171e-15
261.6	7.6171e-15
263.294	7.61125e-15
263.294	7.61125e-15
263.294	7.61125e-15
264.622	7.60671e-15
264.622	7.60671e-15
264.622	7.60671e-15
264.622	7.60671e-15
264.622	7.60671e-15
264.622	7.60671e-15
264.845	7.60596e-15
265.06	7.60523e-15
265.267	7.60453e-15
265.267	7.60453e-15
265.972	7.60215e-15
265.972	7.60215e-15
265.972	7.60215e-15
265.972	7.60215e-15
265.972	7.60215e-15
265.972	7.60215e-15
265.972	7.60215e-15
266.685	7.59976e-15
267.337	7.59759e-15
270.595	7.58691e-15
277.882	7.564e-15
277.882	7.564e-15
279.571	7.55887e-15
279.571	7.55887e-15
281.715	7.55246e-15
281.715	7.55246e-15
281.715	7.55246e-15
281.715	7.55246e-15
281.715	7.55246e-15
281.715	7.55246e-15
281.715	7.55246e-15
281.715	7.55246e-15
282.417	7.55038e-15
283.055	7.54851e-15
286.247	7.53925e-15
294.076	7.51744e-15
294.076	7.51744e-15
295.994	7.51229e-15
295.994	7.51229e-15
298.34	7.50608e-15
298.34	7.50608e-15
298.34	7.50608e-15
298.34	7.50608e-15
298.34	7.50608e-15
298.34	7.50608e-15
298.34	7.50608e-15
299.004	7.50434e-15
299.711	7.5025e-15
303.244	7.49344e-15
311.66	7.47272e-15
311.66	7.47272e-15
313.596	7.46812e-15
313.596	7.46812e-15
316.077	7.46231e-15
316.077	7.46231e-15
316.077	7.46231e-15
316.077	7.46231e-15
316.077	7.46231e-15
316.077	7.46231e-15
316.077	7.46231e-15
316.077	7.46231e-15
316.826	7.46058e-15
317.507	7.45901e-15
320.909	7.45128e-15
329.953	7.43153e-15
329.953	7.43153e-15
332.048	7.42712e-15
332.048	7.42712e-15
334.757	7.4215e-15
334.757	7.4215e-15
334.757	7.4215e-15
334.757	7.4215e-15
334.757	7.4215e-15
334.757	7.4215e-15
334.757	7.4215e-15
335.467	7.42005e-15
336.209	7.41853e-15
339.923	7.41105e-15
349.648	7.39225e-15
349.648	7.39225e-15
351.754	7.38832e-15
351.754	7.38832e-15
354.663	7.38297e-15
354.663	7.38297e-15
354.663	7.38297e-15
354.663	7.38297e-15
354.663	7.38297e-15
354.663	7.38297e-15
354.663	7.38297e-15
354.663	7.38297e-15
355.52	7.38141e-15
356.298	7.38e-15
360.185	7.37306e-15
370.651	7.35513e-15
370.651	7.35513e-15
372.825	7.35154e-15
372.825	7.35154e-15
375.6	7.34701e-15
375.6	7.34701e-15
375.6	7.34701e-15
375.6	7.34701e-15
375.6	7.34701e-15
375.6	7.34701e-15
376.425	7.34568e-15
377.224	7.3444e-15
381.221	7.33806e-15
392.481	7.3209e-15
392.481	7.3209e-15
394.704	7.31764e-15
394.704	7.31764e-15
398.009	7.31285e-15
398.009	7.31285e-15
398.009	7.31285e-15
398.009	7.31285e-15
398.009	7.31285e-15
398.009	7.31285e-15
398.009	7.31285e-15
398.009	7.31285e-15
399.233	7.3111e-15
400.351	7.3095e-15
405.944	7.30168e-15
415.113	7.28931e-15
415.113	7.28931e-15
416.572	7.28739e-15
416.572	7.28739e-15
418.149	7.28533e-15
418.149	7.28533e-15
419.363	7.28376e-15
419.363	7.28376e-15
420.676	7.28207e-15
420.676	7.28207e-15
420.676	7.28207e-15
421.224	7.28137e-15
421.224	7.28137e-15
421.224	7.28137e-15
421.625	7.28086e-15
421.625	7.28086e-15
421.625	7.28086e-15
421.625	7.28086e-15
421.625	7.28086e-15
421.625	7.28086e-15
421.625	7.28086e-15
421.891	7.28052e-15
422.143	7.2802e-15
423.401	7.2786e-15
429.691	7.27076e-15
441.856	7.2563e-15
441.856	7.2563e-15
441.856	7.2563e-15
444.263	7.25354e-15
444.263	7.25354e-15
444.263	7.25354e-15
445.777	7.25182e-15
445.777	7.25182e-15
448.462	7.2488e-15
451.241	7.24572e-15
465.133	7.23091e-15
465.133	7.23091e-15
469.695	7.22625e-15
469.695	7.22625e-15
469.695	7.22625e-15
472.295	7.22364e-15
472.295	7.22364e-15
472.295	7.22364e-15
472.295	7.22364e-15
474.51	7.22143e-15
476.504	7.21947e-15
486.475	7.20992e-15
486.475	7.20992e-15
491.141	7.20559e-15
491.141	7.20559e-15
491.141	7.20559e-15
491.141	7.20559e-15
492.97	7.20392e-15
492.97	7.20392e-15
492.97	7.20392e-15
492.97	7.20392e-15
492.97	7.20392e-15
494.441	7.20258e-15
495.767	7.20138e-15
497	7.20028e-15
497	7.20028e-15
500.125	7.1975e-15
500.125	7.1975e-15
500.125	7.1975e-15
501.704	7.19611e-15
503.467	7.19457e-15
512.28	7.18704e-15
527.245	7.17489e-15
527.245	7.17489e-15
529.662	7.17299e-15
529.662	7.17299e-15
529.662	7.17299e-15
530.558	7.1723e-15
530.558	7.1723e-15
530.558	7.1723e-15
530.558	7.1723e-15
530.558	7.1723e-15
530.993	7.17196e-15
531.394	7.17165e-15
533.396	7.17011e-15
543.41	7.16258e-15
558.94	7.15152e-15
558.94	7.15152e-15
561.289	7.14991e-15
561.289	7.14991e-15
561.289	7.14991e-15
562.177	7.14931e-15
562.177	7.14931e-15
562.177	7.14931e-15
562.177	7.14931e-15
562.177	7.14931e-15
562.64	7.14899e-15
563.15	7.14864e-15
565.702	7.14692e-15
571.364	7.14317e-15
585.018	7.13449e-15
585.018	7.13449e-15
589.511	7.13174e-15
589.511	7.13174e-15
593.091	7.12959e-15
593.091	7.12959e-15
593.091	7.12959e-15
594.41	7.1288e-15
594.41	7.1288e-15
594.41	7.1288e-15
594.41	7.1288e-15
595.522	7.12814e-15
595.522	7.12814e-15
595.522	7.12814e-15
595.522	7.12814e-15
595.522	7.12814e-15
595.522	7.12814e-15
595.522	7.12814e-15
595.522	7.12814e-15
596.155	7.12777e-15
596.734	7.12743e-15
599.63	7.12573e-15
614.107	7.11756e-15
614.107	7.11756e-15
617.841	7.11554e-15
617.841	7.11554e-15
619.881	7.11444e-15
630.079	7.1091e-15
630.079	7.1091e-15
630.079	7.1091e-15
630.783	7.10873e-15
630.783	7.10873e-15
630.783	7.10873e-15
630.783	7.10873e-15
631.038	7.1086e-15
631.311	7.10846e-15
632.676	7.10777e-15
639.501	7.10438e-15
654.546	7.0974e-15
654.546	7.0974e-15
657.394	7.09615e-15
657.394	7.09615e-15
659.646	7.09517e-15
659.646	7.09517e-15
661.654	7.09431e-15
661.654	7.09431e-15
666.51	7.09228e-15
666.51	7.09228e-15
666.51	7.09228e-15
667.93	7.0917e-15
667.93	7.0917e-15
667.93	7.0917e-15
667.93	7.0917e-15
667.93	7.0917e-15
668.368	7.09152e-15
668.891	7.0913e-15
671.505	7.09025e-15
684.576	7.08518e-15
701.55	7.0791e-15
701.55	7.0791e-15
705.706	7.07769e-15
705.706	7.07769e-15
705.706	7.07769e-15
707.089	7.07723e-15
707.089	7.07723e-15
707.089	7.07723e-15
707.089	7.07723e-15
707.946	7.07695e-15
711.212	7.07588e-15
727.546	7.07077e-15
746.274	7.06539e-15
746.274	7.06539e-15
746.274	7.06539e-15
748.628	7.06475e-15
748.628	7.06475e-15
748.628	7.06475e-15
748.628	7.06475e-15
748.628	7.06475e-15
749.742	7.06445e-15
749.742	7.06445e-15
749.742	7.06445e-15
749.742	7.06445e-15
749.742	7.06445e-15
749.742	7.06445e-15
749.742	7.06445e-15
750.756	7.06417e-15
751.678	7.06393e-15
756.287	7.06271e-15
779.333	7.05697e-15
779.333	7.05697e-15
783.765	7.05593e-15
783.765	7.05593e-15
787.287	7.05513e-15
787.287	7.05513e-15
791.106	7.05426e-15
791.106	7.05426e-15
791.106	7.05426e-15
792.906	7.05386e-15
792.906	7.05386e-15
792.906	7.05386e-15
794.135	7.05359e-15
794.135	7.05359e-15
794.135	7.05359e-15
794.135	7.05359e-15
794.135	7.05359e-15
794.135	7.05359e-15
794.135	7.05359e-15
795.152	7.05336e-15
796.074	7.05316e-15
800.682	7.05216e-15
823.725	7.04742e-15
823.725	7.04742e-15
828.165	7.04656e-15
828.165	7.04656e-15
832.605	7.04571e-15
832.605	7.04571e-15
837.248	7.04484e-15
837.248	7.04484e-15
837.248	7.04484e-15
839.599	7.0444e-15
839.599	7.0444e-15
839.599	7.0444e-15
841.057	7.04414e-15
841.057	7.04414e-15
841.057	7.04414e-15
841.057	7.04414e-15
841.057	7.04414e-15
842.233	7.04392e-15
843.361	7.04372e-15
846.451	7.04316e-15
861.905	7.04047e-15
887.016	7.0364e-15
887.016	7.0364e-15
887.016	7.0364e-15
889.348	7.03604e-15
889.348	7.03604e-15
889.348	7.03604e-15
890.958	7.0358e-15
890.958	7.0358e-15
890.958	7.0358e-15
890.958	7.0358e-15
890.958	7.0358e-15
890.958	7.0358e-15
890.958	7.0358e-15
892.115	7.03562e-15
893.169	7.03546e-15
898.434	7.03467e-15
924.763	7.03093e-15
924.763	7.03093e-15
930.499	7.03015e-15
930.499	7.03015e-15
934.043	7.02968e-15
934.043	7.02968e-15
937.05	7.02929e-15
937.05	7.02929e-15
939.644	7.02895e-15
939.644	7.02895e-15
939.644	7.02895e-15
941.582	7.0287e-15
941.582	7.0287e-15
943.96	7.02839e-15
943.96	7.02839e-15
943.96	7.02839e-15
943.96	7.02839e-15
943.96	7.02839e-15
943.96	7.02839e-15
943.96	7.02839e-15
943.96	7.02839e-15
945.09	7.02825e-15
946.119	7.02812e-15
951.265	7.02747e-15
976.992	7.02442e-15
976.992	7.02442e-15
980.672	7.024e-15
999.072	7.02201e-15
999.072	7.02201e-15
999.072	7.02201e-15
999.072	7.02201e-15
999.824	7.02193e-15
999.824	7.02193e-15
999.824	7.02193e-15
999.824	7.02193e-15
999.824	7.02193e-15
1000.41	7.02187e-15
1001.01	7.02181e-15
1004.04	7.0215e-15
1019.16	7.01996e-15
1055.91	7.01645e-15
1055.91	7.01645e-15
1055.91	7.01645e-15
1055.91	7.01645e-15
1059.03	7.01616e-15
1059.03	7.01616e-15
1059.03	7.01616e-15
1059.03	7.01616e-15
1059.03	7.01616e-15
1059.03	7.01616e-15
1064.45	7.01567e-15
1069.42	7.01523e-15
1094.27	7.01307e-15
1094.27	7.01307e-15
1113.44	7.01148e-15
1113.44	7.01148e-15
1113.44	7.01148e-15
1119.58	7.01098e-15
1119.58	7.01098e-15
1119.58	7.01098e-15
1119.58	7.01098e-15
1119.58	7.01098e-15
1123.08	7.0107e-15
1127.01	7.01039e-15
1146.65	7.00886e-15
1146.65	7.00886e-15
1165.67	7.00744e-15
1165.67	7.00744e-15
1176.68	7.00664e-15
1176.68	7.00664e-15
1176.68	7.00664e-15
1184.55	7.00607e-15
1184.55	7.00607e-15
1184.55	7.00607e-15
1184.55	7.00607e-15
1189.13	7.00575e-15
1193.79	7.00543e-15
1217.05	7.00384e-15
1217.05	7.00384e-15
1235.75	7.00261e-15
1235.75	7.00261e-15
1249.07	7.00175e-15
1249.07	7.00175e-15
1249.07	7.00175e-15
1258.75	7.00115e-15
1258.75	7.00115e-15
1258.75	7.00115e-15
1294.55	6.99899e-15
1327.8	6.99709e-15
1327.8	6.99709e-15
1327.8	6.99709e-15
1327.8	6.99709e-15
1335.19	6.99668e-15
1342.04	6.99631e-15
1376.27	6.9945e-15
1376.27	6.9945e-15
1405.8	6.99302e-15
1405.8	6.99302e-15
1405.8	6.99302e-15
1405.8	6.99302e-15
1416.25	6.99251e-15
1428.45	6.99193e-15
1489.43	6.98916e-15
1489.43	6.98916e-15
1489.43	6.98916e-15
1511.88	6.98819e-15
1533.45	6.9873e-15
1612.5	6.98423e-15
1612.5	6.98423e-15
1659.13	6.98256e-15
1659.13	6.98256e-15
1659.13	6.98256e-15
1682.91	6.98175e-15
1706.56	6.98097e-15
1706.56	6.98097e-15
1762.46	6.9792e-15
1762.46	6.9792e-15
1762.46	6.9792e-15
1762.46	6.9792e-15
1780.08	6.97867e-15
1799.1	6.9781e-15
1799.1	6.9781e-15
1843.8	6.97683e-15
1843.8	6.97683e-15
1871.78	6.97606e-15
1871.78	6.97606e-15
1871.78	6.97606e-15
1871.78	6.97606e-15
1871.78	6.97606e-15
1887.15	6.97565e-15
1901.64	6.97527e-15
1974.07	6.97345e-15
1974.07	6.97345e-15
1974.07	6.97345e-15
1974.07	6.97345e-15
1993.74	6.97298e-15
1993.74	6.97298e-15
1993.74	6.97298e-15
1993.74	6.97298e-15
1993.74	6.97298e-15
1993.74	6.97298e-15
2031.93	6.9721e-15
2066.69	6.97132e-15
2066.69	6.97132e-15
2095.71	6.9707e-15
2095.71	6.9707e-15
2095.71	6.9707e-15
2114.82	6.97029e-15
2135.37	6.96987e-15
2238.13	6.96787e-15
2338.88	6.96609e-15
2338.88	6.96609e-15
2387.15	6.96529e-15
2436.17	6.96451e-15
2436.17	6.96451e-15
2490.77	6.96369e-15
2490.77	6.96369e-15
2522.4	6.96323e-15
2590.81	6.96227e-15
2710.7	6.96072e-15
2710.7	6.96072e-15
2754.82	6.96018e-15
2754.82	6.96018e-15
2788.09	6.95979e-15
2788.09	6.95979e-15
2788.09	6.95979e-15
2819.3	6.95944e-15
2850.76	6.95908e-15
2850.76	6.95908e-15
2991.27	6.95761e-15
3131.49	6.95628e-15
3131.49	6.95628e-15
3131.49	6.95628e-15
3131.49	6.95628e-15
3157.15	6.95605e-15
3157.15	6.95605e-15
3157.15	6.95605e-15
3157.15	6.95605e-15
3157.15	6.95605e-15
3157.15	6.95605e-15
3174.88	6.9559e-15
3192.81	6.95574e-15
3282.5	6.95499e-15
3440.59	6.95377e-15
3440.59	6.95377e-15
3440.59	6.95377e-15
3492.61	6.95339e-15
3492.61	6.95339e-15
3492.61	6.95339e-15
3545.69	6.95302e-15
3545.69	6.95302e-15
3545.69	6.95302e-15
3545.69	6.95302e-15
3545.69	6.95302e-15
3545.69	6.95302e-15
3597.82	6.95267e-15
3644.9	6.95236e-15
3825.72	6.95126e-15
3825.72	6.95126e-15
3904.94	6.95081e-15
3904.94	6.95081e-15
3904.94	6.95081e-15
3968.18	6.95047e-15
3968.18	6.95047e-15
3968.18	6.95047e-15
3968.18	6.95047e-15
4012.1	6.95023e-15
4053.11	6.95002e-15
4258.14	6.94903e-15
4472.7	6.9481e-15
4679.88	6.9473e-15
4922.27	6.94645e-15
5180.07	6.94564e-15
5445.71	6.94489e-15
5445.71	6.94489e-15
5578.41	6.94455e-15
5578.41	6.94455e-15
5578.41	6.94455e-15
5578.41	6.94455e-15
5578.41	6.94455e-15
5643.18	6.94439e-15
5716.11	6.94421e-15
6080.75	6.94339e-15
6080.75	6.94339e-15
6080.75	6.94339e-15
6244.7	6.94306e-15
6244.7	6.94306e-15
6244.7	6.94306e-15
6244.7	6.94306e-15
6313.46	6.94292e-15
6395.57	6.94277e-15
6806.1	6.94204e-15
6806.1	6.94204e-15
7014.08	6.94171e-15
7014.08	6.94171e-15
7014.08	6.94171e-15
7014.08	6.94171e-15
7095.77	6.94158e-15
7171.2	6.94147e-15
7548.37	6.94094e-15
7548.37	6.94094e-15
7773.22	6.94065e-15
7773.22	6.94065e-15
7773.22	6.94065e-15
7925.02	6.94047e-15
7925.02	6.94047e-15
7925.02	6.94047e-15
7925.02	6.94047e-15
7925.02	6.94047e-15
7925.02	6.94047e-15
8056.5	6.94031e-15
8175.49	6.94017e-15
8770.45	6.93955e-15
8770.45	6.93955e-15
8770.45	6.93955e-15
8930.16	6.9394e-15
9090.19	6.93925e-15
9679.84	6.93874e-15
9679.84	6.93874e-15
9960.17	6.93853e-15
9960.17	6.93853e-15
9960.17	6.93853e-15
9960.17	6.93853e-15
9960.17	6.93853e-15
10218.9	6.93834e-15
10453.2	6.93817e-15
11165.3	6.93772e-15
11165.3	6.93772e-15
11165.3	6.93772e-15
11165.3	6.93772e-15
11601.9	6.93746e-15
12004.1	6.93725e-15
12004.1	6.93725e-15
12686.5	6.93691e-15
13309.3	6.93664e-15
14233.4	6.93627e-15
15119.7	6.93596e-15
16189.2	6.93564e-15
17329.9	6.93533e-15
18584.1	6.93504e-15
19958.3	6.93477e-15
21441	6.93451e-15
23055.3	6.93426e-15
24865.6	6.93403e-15
26791.5	6.93381e-15
28553.3	6.93364e-15
31305.3	6.93341e-15
33820.5	6.93323e-15
36600.3	6.93306e-15
39872.1	6.9329e-15
43228	6.93275e-15
43228	6.93275e-15
43228	6.93275e-15
43228	6.93275e-15
45344.6	6.93267e-15
48257	6.93257e-15
48257	6.93257e-15
48257	6.93257e-15
51162	6.93248e-15
54575.5	6.93239e-15
59559.4	6.93228e-15
64929.7	6.93217e-15
71305.8	6.93207e-15
77662.8	6.93198e-15
85187.2	6.9319e-15
91978.7	6.93183e-15
99549.8	6.93177e-15
109733	6.9317e-15
120277	6.93164e-15
129804	6.93159e-15
140083	6.93155e-15
155486	6.9315e-15
170520	6.93146e-15
184688	6.93142e-15
198030	6.93139e-15
221506	6.93135e-15
245223	6.93132e-15
271175	6.93129e-15
301122	6.93126e-15
301122	6.93126e-15
301122	6.93126e-15
328602	6.93124e-15
354437	6.93122e-15
401027	6.9312e-15
401027	6.9312e-15
445151	6.93118e-15
504352	6.93116e-15
558889	6.93114e-15
558889	6.93114e-15
619721	6.93113e-15
619721	6.93113e-15
619721	6.93113e-15
655497	6.93112e-15
696724	6.93112e-15
696724	6.93112e-15
696724	6.93112e-15
696724	6.93112e-15
696724	6.93112e-15
735079	6.93111e-15
775052	6.93111e-15
775052	6.93111e-15
775052	6.93111e-15
830541	6.9311e-15
905132	6.93109e-15
973522	6.93109e-15
973522	6.93109e-15
973522	6.93109e-15
1.07346e+06	6.93108e-15
1.16572e+06	6.93108e-15
1.27555e+06	6.93108e-15
1.40888e+06	6.93107e-15
1.40888e+06	6.93107e-15
1.58885e+06	6.93107e-15
1.79962e+06	6.93106e-15
2.02679e+06	6.93106e-15
2.28505e+06	6.93106e-15
2.59886e+06	6.93106e-15
3.02709e+06	6.93105e-15
3.69312e+06	6.93105e-15
4.45378e+06	6.93105e-15
5.44902e+06	6.93105e-15
6.70539e+06	6.93104e-15
8.31092e+06	6.93104e-15
1.03796e+07	6.93104e-15
1.30689e+07	6.93104e-15
1.65983e+07	6.93104e-15
2.12789e+07	6.93104e-15
2.75492e+07	6.93104e-15
3.60497e+07	6.93104e-15
4.7717e+07	6.93104e-15
6.39391e+07	6.93104e-15
0.001	0
0.001	0
0.001	0
0.001	0
0.001	0
0.00108879	1.13367e-21
0.00117532	2.43147e-21
0.00127665	4.21395e-21
0.00139037	6.58058e-21
0.00151542	9.66959e-21
0.00165129	1.36557e-20
0.00179781	1.8754e-20
0.00195493	2.52258e-20
0.00212276	3.33862e-20
0.00230146	4.3613e-20
0.00249126	5.63576e-20
0.00269243	7.21562e-20
0.00290527	9.16444e-20
0.00313014	1.15573e-19
0.00336739	1.44824e-19
0.0036174	1.80437e-19
0.00388061	2.23626e-19
0.00415743	2.75809e-19
0.00444833	3.38641e-19
0.0047538	4.14047e-19
0.00507433	5.04262e-19
0.00541047	6.11877e-19
0.00576276	7.3989e-19
0.0061318	8.91768e-19
0.00651821	1.07151e-18
0.00692264	1.28374e-18
0.00734577	1.53377e-18
0.00778834	1.82774e-18
0.00825112	2.17267e-18
0.00873494	2.5767e-18
0.00924067	3.04914e-18
0.00976924	3.60074e-18
0.00976924	3.60074e-18
0.00995448	3.80861e-18
0.00995448	3.80861e-18
0.00995448	3.80861e-18
0.0100586	3.92892e-18
0.0100586	3.92892e-18
0.0100586	3.92892e-18
0.0100586	3.92892e-18
0.0100586	3.92892e-18
0.0100586	3.92892e-18
0.0100586	3.92892e-18
0.0101179	3.99841e-18
0.0101913	4.0857e-18
0.0105584	4.54109e-18
0.0105584	4.54109e-18
0.0105584	4.54109e-18
0.0105584	4.54109e-18
0.0106681	4.68343e-18
0.0106681	4.68343e-18
0.0106681	4.68343e-18
0.0106681	4.68343e-18
0.0106681	4.68343e-18
0.010755	4.79819e-18
0.0108509	4.92709e-18
0.0113306	5.606e-18
0.0119545	6.57754e-18
0.0126059	7.7044e-18
0.0126059	7.7044e-18
0.0126059	7.7044e-18
0.0126059	7.7044e-18
0.0127068	7.88951e-18
0.0132112	8.85916e-18
0.0132112	8.85916e-18
0.0133857	9.21197e-18
0.0133857	9.21197e-18
0.0133857	9.21197e-18
0.0133857	9.21197e-18
0.0133857	9.21197e-18
0.013476	9.39813e-18
0.0135707	9.59618e-18
0.0140446	1.06277e-17
0.0147948	1.2406e-17
0.0147948	1.2406e-17
0.0150729	1.3112e-17
0.0150729	1.3112e-17
0.0150729	1.3112e-17
0.0150729	1.3112e-17
0.0150729	1.3112e-17
0.0150729	1.3112e-17
0.0151827	1.33976e-17
0.0153096	1.37329e-17
0.0159441	1.54926e-17
0.0159441	1.54926e-17
0.0159441	1.54926e-17
0.0159441	1.54926e-17
0.0159441	1.54926e-17
0.0159441	1.54926e-17
0.0159441	1.54926e-17
0.0160365	1.57607e-17
0.0161431	1.60736e-17
0.0166759	1.76989e-17
0.0166759	1.76989e-17
0.0166759	1.76989e-17
0.0169439	1.85557e-17
0.0178392	2.16141e-17
0.0178392	2.16141e-17
0.0181809	2.28629e-17
0.0185437	2.42396e-17
0.0185437	2.42396e-17
0.018827	2.53518e-17
0.018827	2.53518e-17
0.018827	2.53518e-17
0.019002	2.60549e-17
0.019002	2.60549e-17
0.019002	2.60549e-17
0.019002	2.60549e-17
0.019002	2.60549e-17
0.019002	2.60549e-17
0.0192694	2.71542e-17
0.0195107	2.81716e-17
0.0195107	2.81716e-17
0.0201686	3.10712e-17
0.0210723	3.5362e-17
0.0210723	3.5362e-17
0.0218951	3.95898e-17
0.0218951	3.95898e-17
0.0222719	4.16305e-17
0.0222719	4.16305e-17
0.0222719	4.16305e-17
0.0225215	4.30193e-17
0.0225215	4.30193e-17
0.0225215	4.30193e-17
0.0225215	4.30193e-17
0.0225215	4.30193e-17
0.0225215	4.30193e-17
0.0226639	4.38246e-17
0.0227972	4.4588e-17
0.023464	4.85343e-17
0.023464	4.85343e-17
0.023464	4.85343e-17
0.0238408	5.08612e-17
0.0238408	5.08612e-17
0.0238408	5.08612e-17
0.0241553	5.2858e-17
0.0245119	5.5183e-17
0.0245119	5.5183e-17
0.0245119	5.5183e-17
0.0254112	6.13368e-17
0.0264692	6.91262e-17
0.0264692	6.91262e-17
0.0264692	6.91262e-17
0.0267528	7.13169e-17
0.0267528	7.13169e-17
0.0267528	7.13169e-17
0.0270917	7.3993e-17
0.0275559	7.77625e-17
0.0275559	7.77625e-17
0.0280407	8.18295e-17
0.0280407	8.18295e-17
0.0280407	8.18295e-17
0.0284062	8.49842e-17
0.0284062	8.49842e-17
0.0284062	8.49842e-17
0.0284062	8.49842e-17
0.0284062	8.49842e-17
0.0284062	8.49842e-17
0.0284062	8.49842e-17
0.0284062	8.49842e-17
0.0286144	8.68162e-17
0.0288046	8.85116e-17
0.0297557	9.73079e-17
0.0297557	9.73079e-17
0.0297557	9.73079e-17
0.030081	1.0044e-16
0.030081	1.0044e-16
0.030081	1.0044e-16
0.030081	1.0044e-16
0.030081	1.0044e-16
0.030081	1.0044e-16
0.0302997	1.02582e-16
0.0305117	1.04686e-16
0.0315718	1.15622e-16
0.0315718	1.15622e-16
0.0315718	1.15622e-16
0.032626	1.27195e-16
0.032626	1.27195e-16
0.0336629	1.39274e-16
0.0336629	1.39274e-16
0.0336629	1.39274e-16
0.0336629	1.39274e-16
0.0336629	1.39274e-16
0.0344909	1.49427e-16
0.035238	1.58982e-16
0.035238	1.58982e-16
0.035238	1.58982e-16
0.036091	1.70354e-16
0.0370471	1.83697e-16
0.0370471	1.83697e-16
0.0380686	1.98665e-16
0.0390295	2.13427e-16
0.0390295	2.13427e-16
0.039779	2.25408e-16
0.039779	2.25408e-16
0.039779	2.25408e-16
0.0402204	2.32657e-16
0.04066	2.40019e-16
0.04066	2.40019e-16
0.0419369	2.62232e-16
0.0438183	2.97231e-16
0.0438183	2.97231e-16
0.0438183	2.97231e-16
0.0448184	3.16958e-16
0.0448184	3.16958e-16
0.0448184	3.16958e-16
0.0448184	3.16958e-16
0.0451305	3.23278e-16
0.045463	3.30094e-16
0.0471252	3.6551e-16
0.0490382	4.09065e-16
0.0490382	4.09065e-16
0.0498525	4.28529e-16
0.0498525	4.28529e-16
0.0498525	4.28529e-16
0.0504844	4.44017e-16
0.0504844	4.44017e-16
0.0504844	4.44017e-16
0.0504844	4.44017e-16
0.0504844	4.44017e-16
0.0508506	4.53148e-16
0.0513573	4.65971e-16
0.0533094	5.17429e-16
0.0533094	5.17429e-16
0.0533094	5.17429e-16
0.0541679	5.41108e-16
0.055347	5.74683e-16
0.055347	5.74683e-16
0.0566015	6.11758e-16
0.0566015	6.11758e-16
0.0566015	6.11758e-16
0.0566015	6.11758e-16
0.0566015	6.11758e-16
0.0574267	6.36914e-16
0.0581746	6.6024e-16
0.0581746	6.6024e-16
0.0592554	6.94846e-16
0.0592554	6.94846e-16
0.0599307	7.17011e-16
0.0599307	7.17011e-16
0.0599307	7.17011e-16
0.0599307	7.17011e-16
0.0602236	7.26751e-16
0.0605057	7.36208e-16
0.0619161	7.84593e-16
0.0619161	7.84593e-16
0.0631564	8.2866e-16
0.0631564	8.2866e-16
0.0631564	8.2866e-16
0.0638842	8.55188e-16
0.0645439	8.79661e-16
0.066689	9.62071e-16
0.066689	9.62071e-16
0.066689	9.62071e-16
0.0674577	9.92665e-16
0.0674577	9.92665e-16
0.0674577	9.92665e-16
0.0690014	1.0558e-15
0.0704232	1.11596e-15
0.0704232	1.11596e-15
0.0712136	1.15025e-15
0.0712136	1.15025e-15
0.0712136	1.15025e-15
0.0712136	1.15025e-15
0.0712136	1.15025e-15
0.0716181	1.16803e-15
0.0721917	1.19352e-15
0.074462	1.2975e-15
0.074462	1.2975e-15
0.0753025	1.33727e-15
0.0753025	1.33727e-15
0.0753025	1.33727e-15
0.0759301	1.36741e-15
0.0766943	1.40463e-15
0.0790427	1.52257e-15
0.0790427	1.52257e-15
0.0798733	1.56558e-15
0.0798733	1.56558e-15
0.0798733	1.56558e-15
0.0798733	1.56558e-15
0.0798733	1.56558e-15
0.0803545	1.59081e-15
0.0809592	1.62283e-15
0.0809592	1.62283e-15
0.0833753	1.75436e-15
0.0833753	1.75436e-15
0.0845721	1.82162e-15
0.0845721	1.82162e-15
0.0845721	1.82162e-15
0.0845721	1.82162e-15
0.0850237	1.84738e-15
0.0854434	1.87149e-15
0.087542	1.99463e-15
0.087542	1.99463e-15
0.0891325	2.09084e-15
0.0917012	2.25145e-15
0.0942565	2.41761e-15
0.0942565	2.41761e-15
0.0952846	2.48626e-15
0.0952846	2.48626e-15
0.0952846	2.48626e-15
0.0952846	2.48626e-15
0.0952846	2.48626e-15
0.0964935	2.56829e-15
0.0976025	2.64478e-15
0.100329	2.8379e-15
0.100329	2.8379e-15
0.100329	2.8379e-15
0.101036	2.88911e-15
0.101674	2.93579e-15
0.101674	2.93579e-15
0.104531	3.14943e-15
0.104531	3.14943e-15
0.105698	3.23896e-15
0.105698	3.23896e-15
0.106701	3.31692e-15
0.106701	3.31692e-15
0.106701	3.31692e-15
0.107483	3.37833e-15
0.10829	3.44233e-15
0.111224	3.68008e-15
0.111224	3.68008e-15
0.112588	3.7933e-15
0.112588	3.7933e-15
0.113633	3.88127e-15
0.114971	3.99525e-15
0.118036	4.26254e-15
0.118036	4.26254e-15
0.119435	4.38731e-15
0.119435	4.38731e-15
0.119435	4.38731e-15
0.120089	4.44618e-15
0.120688	4.50052e-15
0.123685	4.77694e-15
0.126924	5.08431e-15
0.126924	5.08431e-15
0.126924	5.08431e-15
0.126924	5.08431e-15
0.127493	5.1393e-15
0.128287	5.21635e-15
0.128287	5.21635e-15
0.131666	5.55043e-15
0.131666	5.55043e-15
0.133034	5.68828e-15
0.133034	5.68828e-15
0.134079	5.7947e-15
0.134079	5.7947e-15
0.134079	5.7947e-15
0.134079	5.7947e-15
0.134638	5.85192e-15
0.137431	6.14176e-15
0.140517	6.4691e-15
0.140517	6.4691e-15
0.14169	6.59542e-15
0.14169	6.59542e-15
0.14169	6.59542e-15
0.14238	6.67024e-15
0.14238	6.67024e-15
0.14238	6.67024e-15
0.14238	6.67024e-15
0.14238	6.67024e-15
0.14238	6.67024e-15
0.14238	6.67024e-15
0.142754	6.71093e-15
0.143219	6.76168e-15
0.145544	7.01785e-15
0.149272	7.43672e-15
0.149272	7.43672e-15
0.150359	7.56077e-15
0.150359	7.56077e-15
0.150359	7.56077e-15
0.151004	7.63485e-15
0.151004	7.63485e-15
0.151004	7.63485e-15
0.151004	7.63485e-15
0.151004	7.63485e-15
0.151004	7.63485e-15
0.151889	7.73683e-15
0.152689	7.8294e-15
0.156685	8.29879e-15
0.156685	8.29879e-15
0.158062	8.46309e-15
0.158062	8.46309e-15
0.159145	8.59308e-15
0.159145	8.59308e-15
0.160456	8.75142e-15
0.162001	8.93949e-15
0.166145	9.45132e-15
0.166145	9.45132e-15
0.167519	9.62323e-15
0.167519	9.62323e-15
0.168711	9.77336e-15
0.168711	9.77336e-15
0.168711	9.77336e-15
0.169415	9.86231e-15
0.169415	9.86231e-15
0.169415	9.86231e-15
0.169415	9.86231e-15
0.169415	9.86231e-15
0.169415	9.86231e-15
0.169415	9.86231e-15
0.170076	9.94616e-15
0.170677	1.00227e-14
0.173685	1.04083e-14
0.178142	1.09888e-14
0.178142	1.09888e-14
0.178142	1.09888e-14
0.179004	1.11023e-14
0.179004	1.11023e-14
0.179004	1.11023e-14
0.179004	1.11023e-14
0.179548	1.11742e-14
0.181348	1.14128e-14
0.186049	1.20435e-14
0.186049	1.20435e-14
0.187649	1.22605e-14
0.187649	1.22605e-14
0.188867	1.24266e-14
0.188867	1.24266e-14
0.188867	1.24266e-14
0.189732	1.25448e-14
0.189732	1.25448e-14
0.189732	1.25448e-14
0.189732	1.25448e-14
0.190242	1.26147e-14
0.190779	1.26884e-14
0.193463	1.30588e-14
0.198563	1.37704e-14
0.198563	1.37704e-14
0.199941	1.39645e-14
0.199941	1.39645e-14
0.199941	1.39645e-14
0.200974	1.41104e-14
0.200974	1.41104e-14
0.200974	1.41104e-14
0.200974	1.41104e-14
0.201522	1.4188e-14
0.202082	1.42674e-14
0.204881	1.46658e-14
0.210426	1.54629e-14
0.210426	1.54629e-14
0.211733	1.56522e-14
0.211733	1.56522e-14
0.213372	1.58903e-14
0.213372	1.58903e-14
0.213372	1.58903e-14
0.213372	1.58903e-14
0.213372	1.58903e-14
0.215962	1.62681e-14
0.218328	1.66148e-14
0.224536	1.75314e-14
0.224536	1.75314e-14
0.224536	1.75314e-14
0.225558	1.76832e-14
0.225558	1.76832e-14
0.225558	1.76832e-14
0.225558	1.76832e-14
0.226109	1.7765e-14
0.226667	1.7848e-14
0.229459	1.82644e-14
0.236383	1.93035e-14
0.236383	1.93035e-14
0.238188	1.95756e-14
0.238188	1.95756e-14
0.238188	1.95756e-14
0.239082	1.97106e-14
0.239082	1.97106e-14
0.239082	1.97106e-14
0.239082	1.97106e-14
0.239082	1.97106e-14
0.239649	1.97964e-14
0.240197	1.98792e-14
0.242937	2.02941e-14
0.251325	2.15699e-14
0.251325	2.15699e-14
0.253427	2.18906e-14
0.253427	2.18906e-14
0.253427	2.18906e-14
0.253427	2.18906e-14
0.253427	2.18906e-14
0.253427	2.18906e-14
0.254044	2.19848e-14
0.254725	2.20888e-14
0.258132	2.26098e-14
0.258132	2.26098e-14
0.260747	2.30102e-14
0.260747	2.30102e-14
0.26333	2.34059e-14
0.26333	2.34059e-14
0.265206	2.36935e-14
0.265206	2.36935e-14
0.267802	2.40916e-14
0.267802	2.40916e-14
0.267802	2.40916e-14
0.267802	2.40916e-14
0.268554	2.4207e-14
0.268554	2.4207e-14
0.268554	2.4207e-14
0.268554	2.4207e-14
0.268554	2.4207e-14
0.268554	2.4207e-14
0.268554	2.4207e-14
0.269308	2.43226e-14
0.269996	2.44282e-14
0.273436	2.4956e-14
0.282182	2.62975e-14
0.282182	2.62975e-14
0.284392	2.66361e-14
0.284392	2.66361e-14
0.284392	2.66361e-14
0.284392	2.66361e-14
0.284392	2.66361e-14
0.284392	2.66361e-14
0.284392	2.66361e-14
0.284961	2.67233e-14
0.285582	2.68183e-14
0.288683	2.72929e-14
0.296786	2.85306e-14
0.296786	2.85306e-14
0.298694	2.88211e-14
0.298694	2.88211e-14
0.30114	2.91934e-14
0.30114	2.91934e-14
0.30114	2.91934e-14
0.30114	2.91934e-14
0.302062	2.93336e-14
0.302952	2.94688e-14
0.307401	3.01436e-14
0.315277	3.13326e-14
0.315277	3.13326e-14
0.316935	3.1582e-14
0.316935	3.1582e-14
0.319204	3.19226e-14
0.319204	3.19226e-14
0.319204	3.19226e-14
0.319204	3.19226e-14
0.319204	3.19226e-14
0.319204	3.19226e-14
0.319204	3.19226e-14
0.319204	3.19226e-14
0.320176	3.20684e-14
0.321067	3.22018e-14
0.325522	3.28674e-14
0.333373	3.40331e-14
0.333373	3.40331e-14
0.335546	3.4354e-14
0.335546	3.4354e-14
0.335546	3.4354e-14
0.337148	3.459e-14
0.337148	3.459e-14
0.337148	3.459e-14
0.338111	3.47317e-14
0.338111	3.47317e-14
0.338111	3.47317e-14
0.338111	3.47317e-14
0.338111	3.47317e-14
0.338111	3.47317e-14
0.338111	3.47317e-14
0.338996	3.48618e-14
0.339801	3.498e-14
0.343827	3.55694e-14
0.351762	3.67226e-14
0.351762	3.67226e-14
0.353897	3.70308e-14
0.353897	3.70308e-14
0.355697	3.729e-14
0.355697	3.729e-14
0.358092	3.76339e-14
0.358092	3.76339e-14
0.358092	3.76339e-14
0.358092	3.76339e-14
0.358092	3.76339e-14
0.358092	3.76339e-14
0.358092	3.76339e-14
0.358092	3.76339e-14
0.358685	3.77188e-14
0.359236	3.77976e-14
0.361989	3.81909e-14
0.370081	3.93376e-14
0.378245	4.04807e-14
0.378245	4.04807e-14
0.378245	4.04807e-14
0.379201	4.06136e-14
0.379201	4.06136e-14
0.379201	4.06136e-14
0.379201	4.06136e-14
0.38005	4.07315e-14
0.381042	4.0869e-14
0.386	4.15531e-14
0.394365	4.26948e-14
0.394365	4.26948e-14
0.397008	4.30524e-14
0.397008	4.30524e-14
0.399108	4.33352e-14
0.399108	4.33352e-14
0.401649	4.36761e-14
0.401649	4.36761e-14
0.401649	4.36761e-14
0.401649	4.36761e-14
0.401649	4.36761e-14
0.402552	4.37969e-14
0.403643	4.39427e-14
0.409103	4.46677e-14
0.417799	4.58083e-14
0.417799	4.58083e-14
0.420567	4.61676e-14
0.420567	4.61676e-14
0.422757	4.64506e-14
0.422757	4.64506e-14
0.425413	4.67925e-14
0.425413	4.67925e-14
0.425413	4.67925e-14
0.425413	4.67925e-14
0.426405	4.69196e-14
0.427319	4.70368e-14
0.431894	4.76195e-14
0.440983	4.87629e-14
0.450211	4.99041e-14
0.450211	4.99041e-14
0.450211	4.99041e-14
0.450211	4.99041e-14
0.451089	5.00117e-14
0.451958	5.0118e-14
0.456304	5.06468e-14
0.465876	5.17963e-14
0.47561	5.2944e-14
0.47561	5.2944e-14
0.47561	5.2944e-14
0.476968	5.31023e-14
0.476968	5.31023e-14
0.476968	5.31023e-14
0.476968	5.31023e-14
0.476968	5.31023e-14
0.477753	5.31938e-14
0.478776	5.33126e-14
0.483888	5.39032e-14
0.494082	5.50637e-14
0.504482	5.62243e-14
0.504482	5.62243e-14
0.504482	5.62243e-14
0.505654	5.63536e-14
0.505654	5.63536e-14
0.505654	5.63536e-14
0.505654	5.63536e-14
0.505654	5.63536e-14
0.505654	5.63536e-14
0.506286	5.64232e-14
0.506923	5.64934e-14
0.510112	5.6843e-14
0.521028	5.80237e-14
0.53217	5.92037e-14
0.53217	5.92037e-14
0.53217	5.92037e-14
0.534397	5.94365e-14
0.534397	5.94365e-14
0.534397	5.94365e-14
0.535617	5.95637e-14
0.535617	5.95637e-14
0.535617	5.95637e-14
0.535617	5.95637e-14
0.535617	5.95637e-14
0.535617	5.95637e-14
0.536273	5.9632e-14
0.536951	5.97024e-14
0.54034	6.00531e-14
0.552217	6.1265e-14
0.564386	6.2479e-14
0.564386	6.2479e-14
0.567376	6.27731e-14
0.567376	6.27731e-14
0.567376	6.27731e-14
0.567376	6.27731e-14
0.567376	6.27731e-14
0.568494	6.28826e-14
0.56956	6.29869e-14
0.574892	6.35053e-14
0.588111	6.47689e-14
0.588111	6.47689e-14
0.593316	6.52583e-14
0.593316	6.52583e-14
0.596246	6.55317e-14
0.596246	6.55317e-14
0.600708	6.59453e-14
0.600708	6.59453e-14
0.600708	6.59453e-14
0.600708	6.59453e-14
0.600708	6.59453e-14
0.601521	6.60204e-14
0.602363	6.60979e-14
0.606573	6.64841e-14
0.621516	6.78319e-14
0.621516	6.78319e-14
0.629968	6.85789e-14
0.629968	6.85789e-14
0.633202	6.88619e-14
0.633202	6.88619e-14
0.636521	6.91507e-14
0.636521	6.91507e-14
0.636521	6.91507e-14
0.636521	6.91507e-14
0.636521	6.91507e-14
0.636521	6.91507e-14
0.637269	6.92155e-14
0.638038	6.92821e-14
0.641884	6.96138e-14
0.661115	7.12408e-14
0.661115	7.12408e-14
0.665895	7.16373e-14
0.665895	7.16373e-14
0.670834	7.20436e-14
0.670834	7.20436e-14
0.670834	7.20436e-14
0.672903	7.22128e-14
0.672903	7.22128e-14
0.675768	7.24463e-14
0.6794	7.27406e-14
0.697558	7.4187e-14
0.697558	7.4187e-14
0.702864	7.46018e-14
0.702864	7.46018e-14
0.706869	7.49127e-14
0.706869	7.49127e-14
0.710947	7.52272e-14
0.710947	7.52272e-14
0.710947	7.52272e-14
0.713421	7.5417e-14
0.713421	7.5417e-14
0.713421	7.5417e-14
0.713421	7.5417e-14
0.714618	7.55086e-14
0.714618	7.55086e-14
0.714618	7.55086e-14
0.714618	7.55086e-14
0.714618	7.55086e-14
0.714618	7.55086e-14
0.714618	7.55086e-14
0.715649	7.55874e-14
0.716585	7.56587e-14
0.721262	7.60139e-14
0.721262	7.60139e-14
0.741289	7.75065e-14
0.741289	7.75065e-14
0.745263	7.77973e-14
0.745263	7.77973e-14
0.749233	7.80861e-14
0.749233	7.80861e-14
0.753287	7.83793e-14
0.753287	7.83793e-14
0.753287	7.83793e-14
0.755773	7.85583e-14
0.755773	7.85583e-14
0.755773	7.85583e-14
0.755773	7.85583e-14
0.757233	7.8663e-14
0.75868	7.87666e-14
0.765913	7.92812e-14
0.78544	8.06436e-14
0.78544	8.06436e-14
0.789792	8.09421e-14
0.789792	8.09421e-14
0.79359	8.1201e-14
0.79359	8.1201e-14
0.79711	8.14397e-14
0.79711	8.14397e-14
0.801117	8.17099e-14
0.801117	8.17099e-14
0.801117	8.17099e-14
0.801117	8.17099e-14
0.801117	8.17099e-14
0.80215	8.17794e-14
0.803157	8.18469e-14
0.80819	8.21832e-14
0.827659	8.34618e-14
0.847223	8.4712e-14
0.847223	8.4712e-14
0.847223	8.4712e-14
0.848858	8.48149e-14
0.848858	8.48149e-14
0.848858	8.48149e-14
0.848858	8.48149e-14
0.848858	8.48149e-14
0.849776	8.48726e-14
0.850643	8.4927e-14
0.854978	8.51981e-14
0.876653	8.65295e-14
0.896918	8.77389e-14
0.896918	8.77389e-14
0.896918	8.77389e-14
0.899346	8.78815e-14
0.899346	8.78815e-14
0.899346	8.78815e-14
0.899346	8.78815e-14
0.900773	8.79651e-14
0.902078	8.80414e-14
0.908603	8.84211e-14
0.929744	8.96279e-14
0.951258	9.08207e-14
0.951258	9.08207e-14
0.951258	9.08207e-14
0.951258	9.08207e-14
0.952973	9.09143e-14
0.952973	9.09143e-14
0.952973	9.09143e-14
0.952973	9.09143e-14
0.952973	9.09143e-14
0.952973	9.09143e-14
0.952973	9.09143e-14
0.952973	9.09143e-14
0.954022	9.09715e-14
0.954984	9.10238e-14
0.959798	9.12846e-14
0.983863	9.2563e-14
1.00708	9.37569e-14
1.00708	9.37569e-14
1.00708	9.37569e-14
1.00904	9.38561e-14
1.00904	9.38561e-14
1.00904	9.38561e-14
1.00904	9.38561e-14
1.00904	9.38561e-14
1.00904	9.38561e-14
1.01006	9.39076e-14
1.01109	9.39595e-14
1.01624	9.42178e-14
1.042	9.54826e-14
1.06768	9.66992e-14
1.06768	9.66992e-14
1.06768	9.66992e-14
1.06768	9.66992e-14
1.06959	9.67879e-14
1.0715	9.68764e-14
1.08104	9.73152e-14
1.10944	9.85871e-14
1.10944	9.85871e-14
1.11493	9.88271e-14
1.11493	9.88271e-14
1.12271	9.91639e-14
1.12271	9.91639e-14
1.12891	9.94296e-14
1.12891	9.94296e-14
1.12891	9.94296e-14
1.1318	9.95531e-14
1.1318	9.95531e-14
1.1318	9.95531e-14
1.1318	9.95531e-14
1.13305	9.9606e-14
1.13426	9.96574e-14
1.14033	9.99134e-14
1.17067	1.01161e-13
1.17067	1.01161e-13
1.17708	1.01417e-13
1.17708	1.01417e-13
1.18353	1.01673e-13
1.18353	1.01673e-13
1.18832	1.01862e-13
1.18832	1.01862e-13
1.19245	1.02023e-13
1.19245	1.02023e-13
1.19821	1.02247e-13
1.19821	1.02247e-13
1.19821	1.02247e-13
1.20093	1.02352e-13
1.20373	1.02459e-13
1.21773	1.02991e-13
1.2702	1.04888e-13
1.2702	1.04888e-13
1.2702	1.04888e-13
1.2702	1.04888e-13
1.27282	1.04979e-13
1.27538	1.05068e-13
1.28823	1.05507e-13
1.33156	1.06928e-13
1.33156	1.06928e-13
1.34115	1.0723e-13
1.34115	1.0723e-13
1.34115	1.0723e-13
1.34436	1.0733e-13
1.34436	1.0733e-13
1.34436	1.0733e-13
1.34436	1.0733e-13
1.3463	1.07391e-13
1.3463	1.07391e-13
1.3463	1.07391e-13
1.3463	1.07391e-13
1.3463	1.07391e-13
1.3463	1.07391e-13
1.34969	1.07495e-13
1.3528	1.07591e-13
1.36835	1.08064e-13
1.40857	1.09234e-13
1.40857	1.09234e-13
1.41517	1.0942e-13
1.41517	1.0942e-13
1.41517	1.0942e-13
1.4195	1.0954e-13
1.4195	1.0954e-13
1.4195	1.0954e-13
1.4248	1.09687e-13
1.4248	1.09687e-13
1.4248	1.09687e-13
1.4248	1.09687e-13
1.42688	1.09744e-13
1.42951	1.09816e-13
1.44265	1.10171e-13
1.48334	1.11228e-13
1.48334	1.11228e-13
1.49605	1.11544e-13
1.49605	1.11544e-13
1.5083	1.11843e-13
1.5083	1.11843e-13
1.5083	1.11843e-13
1.5083	1.11843e-13
1.5083	1.11843e-13
1.51045	1.11895e-13
1.51045	1.11895e-13
1.51045	1.11895e-13
1.51045	1.11895e-13
1.51045	1.11895e-13
1.51045	1.11895e-13
1.51045	1.11895e-13
1.51259	1.11946e-13
1.51456	1.11993e-13
1.52437	1.12226e-13
1.57342	1.13339e-13
1.57342	1.13339e-13
1.58181	1.13521e-13
1.58181	1.13521e-13
1.58904	1.13676e-13
1.58904	1.13676e-13
1.59855	1.13877e-13
1.59855	1.13877e-13
1.59855	1.13877e-13
1.60363	1.13983e-13
1.60916	1.14098e-13
1.63679	1.14655e-13
1.68469	1.15565e-13
1.68469	1.15565e-13
1.69389	1.15732e-13
1.69389	1.15732e-13
1.69389	1.15732e-13
1.69389	1.15732e-13
1.69723	1.15792e-13
1.70072	1.15854e-13
1.71815	1.1616e-13
1.7728	1.17066e-13
1.7728	1.17066e-13
1.78471	1.17253e-13
1.78471	1.17253e-13
1.79545	1.17418e-13
1.79545	1.17418e-13
1.79545	1.17418e-13
1.79545	1.17418e-13
1.79545	1.17418e-13
1.82314	1.17832e-13
1.84857	1.18196e-13
1.84857	1.18196e-13
1.86412	1.18412e-13
1.86412	1.18412e-13
1.87446	1.18552e-13
1.87446	1.18552e-13
1.88309	1.18667e-13
1.88309	1.18667e-13
1.89162	1.18779e-13
1.89162	1.18779e-13
1.90054	1.18895e-13
1.90054	1.18895e-13
1.90054	1.18895e-13
1.90054	1.18895e-13
1.90438	1.18944e-13
1.90844	1.18996e-13
1.92873	1.1925e-13
1.99831	1.20058e-13
1.99831	1.20058e-13
2.00989	1.20184e-13
2.00989	1.20184e-13
2.00989	1.20184e-13
2.00989	1.20184e-13
2.01365	1.20225e-13
2.01365	1.20225e-13
2.01365	1.20225e-13
2.01365	1.20225e-13
2.01365	1.20225e-13
2.01649	1.20255e-13
2.01999	1.20292e-13
2.03744	1.20474e-13
2.09877	1.21074e-13
2.09877	1.21074e-13
2.11069	1.21184e-13
2.11069	1.21184e-13
2.12391	1.21303e-13
2.12391	1.21303e-13
2.12391	1.21303e-13
2.13059	1.21362e-13
2.13059	1.21362e-13
2.13059	1.21362e-13
2.13059	1.21362e-13
2.13396	1.21392e-13
2.13963	1.21442e-13
2.16796	1.21682e-13
2.22715	1.2215e-13
2.22715	1.2215e-13
2.23909	1.22238e-13
2.23909	1.22238e-13
2.25722	1.2237e-13
2.25722	1.2237e-13
2.25722	1.2237e-13
2.25722	1.2237e-13
2.26191	1.22404e-13
2.26821	1.22448e-13
2.29966	1.22663e-13
2.35894	1.23039e-13
2.35894	1.23039e-13
2.373	1.23123e-13
2.373	1.23123e-13
2.39149	1.2323e-13
2.39149	1.2323e-13
2.39149	1.2323e-13
2.39149	1.2323e-13
2.39149	1.2323e-13
2.39149	1.2323e-13
2.39546	1.23253e-13
2.39947	1.23276e-13
2.41953	1.23387e-13
2.47993	1.237e-13
2.47993	1.237e-13
2.50021	1.23798e-13
2.50021	1.23798e-13
2.51535	1.2387e-13
2.51535	1.2387e-13
2.5333	1.23952e-13
2.5333	1.23952e-13
2.5333	1.23952e-13
2.5333	1.23952e-13
2.5333	1.23952e-13
2.53804	1.23973e-13
2.54256	1.23993e-13
2.56518	1.24092e-13
2.62744	1.24344e-13
2.62744	1.24344e-13
2.65114	1.24433e-13
2.65114	1.24433e-13
2.66671	1.2449e-13
2.66671	1.2449e-13
2.68521	1.24556e-13
2.68521	1.24556e-13
2.68521	1.24556e-13
2.68521	1.24556e-13
2.68521	1.24556e-13
2.68521	1.24556e-13
2.68521	1.24556e-13
2.68521	1.24556e-13
2.69081	1.24575e-13
2.6959	1.24593e-13
2.72135	1.24678e-13
2.78607	1.24879e-13
2.78607	1.24879e-13
2.81026	1.24949e-13
2.81026	1.24949e-13
2.82703	1.24995e-13
2.82703	1.24995e-13
2.82703	1.24995e-13
2.8402	1.25031e-13
2.8402	1.25031e-13
2.8402	1.25031e-13
2.8402	1.25031e-13
2.8402	1.25031e-13
2.84647	1.25048e-13
2.85303	1.25065e-13
2.88582	1.25149e-13
2.95344	1.25307e-13
2.95344	1.25307e-13
2.97953	1.25364e-13
2.97953	1.25364e-13
2.99765	1.25401e-13
2.99765	1.25401e-13
2.99765	1.25401e-13
3.00991	1.25426e-13
3.00991	1.25426e-13
3.00991	1.25426e-13
3.00991	1.25426e-13
3.02151	1.25449e-13
3.03199	1.2547e-13
3.08438	1.25567e-13
3.15567	1.25685e-13
3.15567	1.25685e-13
3.17697	1.25718e-13
3.17697	1.25718e-13
3.17697	1.25718e-13
3.19405	1.25743e-13
3.2104	1.25767e-13
3.29213	1.25875e-13
3.3675	1.25962e-13
3.3675	1.25962e-13
3.3675	1.25962e-13
3.38395	1.2598e-13
3.40006	1.25996e-13
3.48061	1.26073e-13
3.56029	1.2614e-13
3.56029	1.2614e-13
3.56029	1.2614e-13
3.58504	1.26158e-13
3.60884	1.26176e-13
3.69233	1.26231e-13
3.77717	1.26279e-13
3.77717	1.26279e-13
3.77717	1.26279e-13
3.77717	1.26279e-13
3.80109	1.26292e-13
3.82485	1.26303e-13
3.91396	1.26343e-13
4.00464	1.26378e-13
4.00464	1.26378e-13
4.00464	1.26378e-13
4.05046	1.26394e-13
4.11085	1.26412e-13
4.20769	1.26439e-13
4.20769	1.26439e-13
4.28554	1.26456e-13
4.40164	1.26479e-13
4.50691	1.26496e-13
4.61603	1.2651e-13
4.73299	1.26522e-13
4.73299	1.26522e-13
4.73299	1.26522e-13
4.73299	1.26522e-13
4.80386	1.26529e-13
4.88432	1.26535e-13
5.0084	1.26543e-13
5.0084	1.26543e-13
5.0084	1.26543e-13
5.08593	1.26547e-13
5.21614	1.26553e-13
5.35378	1.26558e-13
5.49792	1.26562e-13
5.67456	1.26566e-13
5.83454	1.26568e-13
6.01192	1.2657e-13
6.192	1.26571e-13
6.38756	1.26572e-13
6.61026	1.26573e-13
6.83133	1.26574e-13
7.0537	1.26574e-13
7.31334	1.26574e-13
7.59291	1.26575e-13
7.91021	1.26575e-13
8.25955	1.26575e-13
8.66004	1.26575e-13
9.10929	1.26575e-13
9.64418	1.26575e-13
10.2857	1.26575e-13
11.0853	1.26575e-13
12.1343	1.26575e-13
13.6225	1.26575e-13
16.022	1.26575e-13
20.9606	1.26575e-13
38.7886	1.26575e-13
