15	4.48705e-11
15.1	4.49642e-11
15.2	4.50598e-11
15.3	4.5157e-11
15.4	4.52559e-11
15.5	4.53563e-11
15.6	4.54581e-11
15.7	4.55614e-11
15.8	4.5666e-11
15.9	4.57719e-11
16	4.58789e-11
16.1	4.59871e-11
16.2	4.60963e-11
16.3	4.62066e-11
16.4	4.63177e-11
16.5	4.64298e-11
16.6	4.65426e-11
16.7	4.66563e-11
16.8	4.67706e-11
16.9	4.68856e-11
17	4.70011e-11
17.1	4.71173e-11
17.2	4.72339e-11
17.3	4.73509e-11
17.4	4.74683e-11
17.5	4.75861e-11
17.6	4.77042e-11
17.7	4.78225e-11
17.8	4.7941e-11
17.9	4.80597e-11
18	4.81785e-11
18.1	4.82974e-11
18.2	4.84163e-11
18.3	4.85353e-11
18.4	4.86542e-11
18.5	4.8773e-11
18.6	4.88918e-11
18.7	4.90104e-11
18.8	4.91289e-11
18.9	4.92471e-11
19	4.93651e-11
19.1	4.94829e-11
19.2	4.96004e-11
19.3	4.97176e-11
19.4	4.98344e-11
19.5	4.99509e-11
19.6	5.00669e-11
19.7	5.01826e-11
19.8	5.02978e-11
19.9	5.04126e-11
20	5.05269e-11
20.1	5.06407e-11
20.2	5.0754e-11
20.3	5.08667e-11
20.4	5.09789e-11
20.5	5.10906e-11
20.6	5.12016e-11
20.7	5.1312e-11
20.8	5.14219e-11
20.9	5.1531e-11
21	5.16396e-11
21.1	5.17475e-11
21.2	5.18547e-11
21.3	5.19612e-11
21.4	5.2067e-11
21.5	5.21722e-11
21.6	5.22766e-11
21.7	5.23803e-11
21.8	5.24832e-11
21.9	5.25854e-11
22	5.26869e-11
22.1	5.27876e-11
22.2	5.28876e-11
22.3	5.29867e-11
22.4	5.30851e-11
22.5	5.31828e-11
22.6	5.32796e-11
22.7	5.33756e-11
22.8	5.34709e-11
22.9	5.35653e-11
23	5.3659e-11
23.1	5.37518e-11
23.2	5.38439e-11
23.3	5.39351e-11
23.4	5.40255e-11
23.5	5.41151e-11
23.6	5.42038e-11
23.7	5.42918e-11
23.8	5.43789e-11
23.9	5.44652e-11
24	5.45507e-11
24.1	5.46354e-11
24.2	5.47192e-11
24.3	5.48023e-11
24.4	5.48845e-11
24.5	5.49658e-11
24.6	5.50464e-11
24.7	5.51262e-11
24.8	5.52051e-11
24.9	5.52832e-11
25	5.53605e-11
25.1	5.5437e-11
25.2	5.55127e-11
25.3	5.55876e-11
25.4	5.56617e-11
25.5	5.5735e-11
25.6	5.58075e-11
25.7	5.58791e-11
25.8	5.595e-11
25.9	5.60201e-11
26	5.60895e-11
26.1	5.6158e-11
26.2	5.62258e-11
26.3	5.62928e-11
26.4	5.6359e-11
26.5	5.64244e-11
26.6	5.64891e-11
26.7	5.6553e-11
26.8	5.66162e-11
26.9	5.66786e-11
27	5.67403e-11
27.1	5.68012e-11
27.2	5.68614e-11
27.3	5.69209e-11
27.4	5.69796e-11
27.5	5.70376e-11
27.6	5.70949e-11
27.7	5.71515e-11
27.8	5.72074e-11
27.9	5.72626e-11
28	5.7317e-11
28.1	5.73708e-11
28.2	5.74239e-11
28.3	5.74763e-11
28.4	5.7528e-11
28.5	5.75791e-11
28.6	5.76294e-11
28.7	5.76792e-11
28.8	5.77282e-11
28.9	5.77766e-11
29	5.78244e-11
29.1	5.78715e-11
29.2	5.7918e-11
29.3	5.79638e-11
29.4	5.8009e-11
29.5	5.80536e-11
29.6	5.80976e-11
29.7	5.8141e-11
29.8	5.81837e-11
29.9	5.82259e-11
30	5.82675e-11
30.1	5.83084e-11
30.2	5.83488e-11
30.3	5.83886e-11
30.4	5.84279e-11
30.5	5.84665e-11
30.6	5.85047e-11
30.7	5.85422e-11
30.8	5.85792e-11
30.9	5.86156e-11
31	5.86516e-11
31.1	5.86869e-11
31.2	5.87218e-11
31.3	5.87561e-11
31.4	5.87899e-11
31.5	5.88231e-11
31.6	5.88559e-11
31.7	5.88882e-11
31.8	5.89199e-11
31.9	5.89512e-11
32	5.8982e-11
32.1	5.90122e-11
32.2	5.9042e-11
32.3	5.90714e-11
32.4	5.91002e-11
32.5	5.91286e-11
32.6	5.91566e-11
32.7	5.9184e-11
32.8	5.92111e-11
32.9	5.92377e-11
33	5.92638e-11
33.1	5.92895e-11
33.2	5.93148e-11
33.3	5.93396e-11
33.4	5.93641e-11
33.5	5.93881e-11
33.6	5.94117e-11
33.7	5.94349e-11
33.8	5.94576e-11
33.9	5.948e-11
34	5.9502e-11
34.1	5.95236e-11
34.2	5.95449e-11
34.3	5.95657e-11
34.4	5.95862e-11
34.5	5.96063e-11
34.6	5.9626e-11
34.7	5.96453e-11
34.8	5.96644e-11
34.9	5.9683e-11
35	5.97013e-11
35.1	5.97193e-11
35.2	5.97369e-11
35.3	5.97542e-11
35.4	5.97711e-11
35.5	5.97877e-11
35.6	5.9804e-11
35.7	5.982e-11
35.8	5.98357e-11
35.9	5.9851e-11
36	5.9866e-11
36.1	5.98808e-11
36.2	5.98952e-11
36.3	5.99093e-11
36.4	5.99232e-11
36.5	5.99367e-11
36.6	5.995e-11
36.7	5.9963e-11
36.8	5.99757e-11
36.9	5.99881e-11
37	6.00003e-11
37.1	6.00122e-11
37.2	6.00238e-11
37.3	6.00352e-11
37.4	6.00463e-11
37.5	6.00572e-11
37.6	6.00678e-11
37.7	6.00781e-11
37.8	6.00883e-11
37.9	6.00981e-11
38	6.01078e-11
38.1	6.01172e-11
38.2	6.01264e-11
38.3	6.01354e-11
38.4	6.01441e-11
38.5	6.01526e-11
38.6	6.01609e-11
38.7	6.0169e-11
38.8	6.01769e-11
38.9	6.01846e-11
39	6.01921e-11
39.1	6.01993e-11
39.2	6.02064e-11
39.3	6.02133e-11
39.4	6.022e-11
39.5	6.02265e-11
39.6	6.02328e-11
39.7	6.02389e-11
39.8	6.02449e-11
39.9	6.02506e-11
40	6.02562e-11
40.1	6.02617e-11
40.2	6.02669e-11
40.3	6.0272e-11
40.4	6.02769e-11
40.5	6.02817e-11
40.6	6.02863e-11
40.7	6.02907e-11
40.8	6.0295e-11
40.9	6.02992e-11
41	6.03032e-11
41.1	6.0307e-11
41.2	6.03107e-11
41.3	6.03143e-11
41.4	6.03177e-11
41.5	6.0321e-11
41.6	6.03242e-11
41.7	6.03272e-11
41.8	6.03301e-11
41.9	6.03328e-11
42	6.03355e-11
42.1	6.0338e-11
42.2	6.03404e-11
42.3	6.03427e-11
42.4	6.03448e-11
42.5	6.03469e-11
42.6	6.03488e-11
42.7	6.03507e-11
42.8	6.03524e-11
42.9	6.0354e-11
43	6.03555e-11
43.1	6.03569e-11
43.2	6.03582e-11
43.3	6.03594e-11
43.4	6.03606e-11
43.5	6.03616e-11
43.6	6.03625e-11
43.7	6.03634e-11
43.8	6.03641e-11
43.9	6.03648e-11
44	6.03654e-11
44.1	6.03659e-11
44.2	6.03663e-11
44.3	6.03666e-11
44.4	6.03669e-11
44.5	6.03671e-11
44.6	6.03672e-11
44.7	6.03672e-11
44.8	6.03672e-11
44.9	6.03671e-11
45	6.03669e-11
45.1	6.03667e-11
45.2	6.03664e-11
45.3	6.0366e-11
45.4	6.03656e-11
45.5	6.03651e-11
45.6	6.03646e-11
45.7	6.0364e-11
45.8	6.03633e-11
45.9	6.03626e-11
46	6.03618e-11
46.1	6.0361e-11
46.2	6.03602e-11
46.3	6.03592e-11
46.4	6.03583e-11
46.5	6.03573e-11
46.6	6.03562e-11
46.7	6.03551e-11
46.8	6.0354e-11
46.9	6.03528e-11
47	6.03516e-11
47.1	6.03504e-11
47.2	6.03491e-11
47.3	6.03477e-11
47.4	6.03464e-11
47.5	6.0345e-11
47.6	6.03436e-11
47.7	6.03421e-11
47.8	6.03406e-11
47.9	6.03391e-11
48	6.03376e-11
48.1	6.0336e-11
48.2	6.03344e-11
48.3	6.03328e-11
48.4	6.03311e-11
48.5	6.03294e-11
48.6	6.03278e-11
48.7	6.0326e-11
48.8	6.03243e-11
48.9	6.03226e-11
49	6.03208e-11
49.1	6.0319e-11
49.2	6.03172e-11
49.3	6.03154e-11
49.4	6.03136e-11
49.5	6.03117e-11
49.6	6.03099e-11
49.7	6.0308e-11
49.8	6.03061e-11
49.9	6.03042e-11
50	6.03023e-11
50.1	6.03004e-11
50.2	6.02985e-11
50.3	6.02966e-11
50.4	6.02947e-11
50.5	6.02928e-11
50.6	6.02908e-11
50.7	6.02889e-11
50.8	6.0287e-11
50.9	6.0285e-11
51	6.02831e-11
51.1	6.02811e-11
51.2	6.02792e-11
51.3	6.02772e-11
51.4	6.02753e-11
51.5	6.02734e-11
51.6	6.02714e-11
51.7	6.02695e-11
51.8	6.02676e-11
51.9	6.02656e-11
52	6.02637e-11
52.1	6.02618e-11
52.2	6.02599e-11
52.3	6.0258e-11
52.4	6.02561e-11
52.5	6.02542e-11
52.6	6.02523e-11
52.7	6.02504e-11
52.8	6.02486e-11
52.9	6.02467e-11
53	6.02449e-11
53.1	6.02431e-11
53.2	6.02412e-11
53.3	6.02394e-11
53.4	6.02376e-11
53.5	6.02359e-11
53.6	6.02341e-11
53.7	6.02323e-11
53.8	6.02306e-11
53.9	6.02289e-11
54	6.02271e-11
54.1	6.02255e-11
54.2	6.02238e-11
54.3	6.02221e-11
54.4	6.02205e-11
54.5	6.02188e-11
54.6	6.02172e-11
54.7	6.02156e-11
54.8	6.0214e-11
54.9	6.02125e-11
55	6.02109e-11
55.1	6.02094e-11
55.2	6.02079e-11
55.3	6.02064e-11
55.4	6.0205e-11
55.5	6.02035e-11
55.6	6.02021e-11
55.7	6.02007e-11
55.8	6.01993e-11
55.9	6.01979e-11
56	6.01966e-11
56.1	6.01953e-11
56.2	6.0194e-11
56.3	6.01927e-11
56.4	6.01915e-11
56.5	6.01902e-11
56.6	6.0189e-11
56.7	6.01879e-11
56.8	6.01867e-11
56.9	6.01856e-11
57	6.01845e-11
57.1	6.01834e-11
57.2	6.01823e-11
57.3	6.01813e-11
57.4	6.01803e-11
57.5	6.01793e-11
57.6	6.01783e-11
57.7	6.01774e-11
57.8	6.01765e-11
57.9	6.01756e-11
58	6.01747e-11
58.1	6.01739e-11
58.2	6.01731e-11
58.3	6.01723e-11
58.4	6.01716e-11
58.5	6.01708e-11
58.6	6.01701e-11
58.7	6.01695e-11
58.8	6.01688e-11
58.9	6.01682e-11
59	6.01676e-11
59.1	6.0167e-11
59.2	6.01665e-11
59.3	6.0166e-11
59.4	6.01655e-11
59.5	6.0165e-11
59.6	6.01646e-11
59.7	6.01642e-11
59.8	6.01638e-11
59.9	6.01635e-11
60	6.01631e-11
60.1	6.01629e-11
60.2	6.01626e-11
60.3	6.01623e-11
60.4	6.01621e-11
60.5	6.0162e-11
60.6	6.01618e-11
60.7	6.01617e-11
60.8	6.01616e-11
60.9	6.01615e-11
61	6.01615e-11
61.1	6.01615e-11
61.2	6.01615e-11
61.3	6.01615e-11
61.4	6.01616e-11
61.5	6.01617e-11
61.6	6.01618e-11
61.7	6.0162e-11
61.8	6.01622e-11
61.9	6.01624e-11
62	6.01627e-11
62.1	6.01629e-11
62.2	6.01632e-11
62.3	6.01636e-11
62.4	6.01639e-11
62.5	6.01643e-11
62.6	6.01647e-11
62.7	6.01652e-11
62.8	6.01656e-11
62.9	6.01661e-11
63	6.01667e-11
63.1	6.01672e-11
63.2	6.01678e-11
63.3	6.01684e-11
63.4	6.0169e-11
63.5	6.01697e-11
63.6	6.01704e-11
63.7	6.01711e-11
63.8	6.01719e-11
63.9	6.01727e-11
64	6.01735e-11
64.1	6.01743e-11
64.2	6.01752e-11
64.3	6.01761e-11
64.4	6.0177e-11
64.5	6.01779e-11
64.6	6.01789e-11
64.7	6.01799e-11
64.8	6.01809e-11
64.9	6.0182e-11
65	6.0183e-11
65.1	6.01842e-11
65.2	6.01853e-11
65.3	6.01865e-11
65.4	6.01876e-11
65.5	6.01889e-11
65.6	6.01901e-11
65.7	6.01914e-11
65.8	6.01927e-11
65.9	6.0194e-11
66	6.01953e-11
66.1	6.01967e-11
66.2	6.01981e-11
66.3	6.01995e-11
66.4	6.0201e-11
66.5	6.02025e-11
66.6	6.0204e-11
66.7	6.02055e-11
66.8	6.0207e-11
66.9	6.02086e-11
67	6.02102e-11
67.1	6.02118e-11
67.2	6.02135e-11
67.3	6.02152e-11
67.4	6.02169e-11
67.5	6.02186e-11
67.6	6.02204e-11
67.7	6.02221e-11
67.8	6.0224e-11
67.9	6.02258e-11
68	6.02276e-11
68.1	6.02295e-11
68.2	6.02314e-11
68.3	6.02333e-11
68.4	6.02353e-11
68.5	6.02372e-11
68.6	6.02392e-11
68.7	6.02413e-11
68.8	6.02433e-11
68.9	6.02454e-11
69	6.02474e-11
69.1	6.02496e-11
69.2	6.02517e-11
69.3	6.02538e-11
69.4	6.0256e-11
69.5	6.02582e-11
69.6	6.02604e-11
69.7	6.02627e-11
69.8	6.02649e-11
69.9	6.02672e-11
70	6.02695e-11
70.1	6.02719e-11
70.2	6.02742e-11
70.3	6.02766e-11
70.4	6.0279e-11
70.5	6.02814e-11
70.6	6.02839e-11
70.7	6.02863e-11
70.8	6.02888e-11
70.9	6.02913e-11
71	6.02938e-11
71.1	6.02963e-11
71.2	6.02989e-11
71.3	6.03015e-11
71.4	6.03041e-11
71.5	6.03067e-11
71.6	6.03093e-11
71.7	6.0312e-11
71.8	6.03147e-11
71.9	6.03174e-11
72	6.03201e-11
72.1	6.03228e-11
72.2	6.03256e-11
72.3	6.03284e-11
72.4	6.03311e-11
72.5	6.0334e-11
72.6	6.03368e-11
72.7	6.03396e-11
72.8	6.03425e-11
72.9	6.03454e-11
73	6.03483e-11
73.1	6.03512e-11
73.2	6.03541e-11
73.3	6.03571e-11
73.4	6.036e-11
73.5	6.0363e-11
73.6	6.0366e-11
73.7	6.0369e-11
73.8	6.03721e-11
73.9	6.03751e-11
74	6.03782e-11
74.1	6.03813e-11
74.2	6.03844e-11
74.3	6.03875e-11
74.4	6.03906e-11
74.5	6.03938e-11
74.6	6.03969e-11
74.7	6.04001e-11
74.8	6.04033e-11
74.9	6.04065e-11
75	6.04097e-11
75.1	6.0413e-11
75.2	6.04162e-11
75.3	6.04195e-11
75.4	6.04228e-11
75.5	6.04261e-11
75.6	6.04294e-11
75.7	6.04327e-11
75.8	6.0436e-11
75.9	6.04394e-11
76	6.04428e-11
76.1	6.04461e-11
76.2	6.04495e-11
76.3	6.04529e-11
76.4	6.04564e-11
76.5	6.04598e-11
76.6	6.04632e-11
76.7	6.04667e-11
76.8	6.04701e-11
76.9	6.04736e-11
77	6.04771e-11
77.1	6.04806e-11
77.2	6.04841e-11
77.3	6.04877e-11
77.4	6.04912e-11
77.5	6.04948e-11
77.6	6.04983e-11
77.7	6.05019e-11
77.8	6.05055e-11
77.9	6.05091e-11
78	6.05127e-11
78.1	6.05163e-11
78.2	6.05199e-11
78.3	6.05236e-11
78.4	6.05272e-11
78.5	6.05309e-11
78.6	6.05345e-11
78.7	6.05382e-11
78.8	6.05419e-11
78.9	6.05456e-11
79	6.05493e-11
79.1	6.0553e-11
79.2	6.05568e-11
79.3	6.05605e-11
79.4	6.05642e-11
79.5	6.0568e-11
79.6	6.05717e-11
79.7	6.05755e-11
79.8	6.05793e-11
79.9	6.05831e-11
80	6.05869e-11
80.1	6.05907e-11
80.2	6.05945e-11
80.3	6.05983e-11
80.4	6.06021e-11
80.5	6.0606e-11
80.6	6.06098e-11
80.7	6.06137e-11
80.8	6.06175e-11
80.9	6.06214e-11
81	6.06253e-11
81.1	6.06291e-11
81.2	6.0633e-11
81.3	6.06369e-11
81.4	6.06408e-11
81.5	6.06447e-11
81.6	6.06486e-11
81.7	6.06526e-11
81.8	6.06565e-11
81.9	6.06604e-11
82	6.06644e-11
82.1	6.06683e-11
82.2	6.06722e-11
82.3	6.06762e-11
82.4	6.06802e-11
82.5	6.06841e-11
82.6	6.06881e-11
82.7	6.06921e-11
82.8	6.0696e-11
82.9	6.07e-11
83	6.0704e-11
83.1	6.0708e-11
83.2	6.0712e-11
83.3	6.0716e-11
83.4	6.072e-11
83.5	6.0724e-11
83.6	6.07281e-11
83.7	6.07321e-11
83.8	6.07361e-11
83.9	6.07401e-11
84	6.07442e-11
84.1	6.07482e-11
84.2	6.07522e-11
84.3	6.07563e-11
84.4	6.07603e-11
84.5	6.07644e-11
84.6	6.07684e-11
84.7	6.07725e-11
84.8	6.07765e-11
84.9	6.07806e-11
85	6.07847e-11
85.1	6.07887e-11
85.2	6.07928e-11
85.3	6.07969e-11
85.4	6.08009e-11
85.5	6.0805e-11
85.6	6.08091e-11
85.7	6.08132e-11
85.8	6.08173e-11
85.9	6.08213e-11
86	6.08254e-11
86.1	6.08295e-11
86.2	6.08336e-11
86.3	6.08377e-11
86.4	6.08418e-11
86.5	6.08459e-11
86.6	6.085e-11
86.7	6.08541e-11
86.8	6.08582e-11
86.9	6.08623e-11
87	6.08664e-11
87.1	6.08705e-11
87.2	6.08746e-11
87.3	6.08787e-11
87.4	6.08828e-11
87.5	6.08869e-11
87.6	6.0891e-11
87.7	6.08951e-11
87.8	6.08992e-11
87.9	6.09033e-11
88	6.09074e-11
88.1	6.09115e-11
88.2	6.09156e-11
88.3	6.09197e-11
88.4	6.09238e-11
88.5	6.09279e-11
88.6	6.0932e-11
88.7	6.09361e-11
88.8	6.09402e-11
88.9	6.09443e-11
89	6.09484e-11
89.1	6.09525e-11
89.2	6.09566e-11
89.3	6.09607e-11
89.4	6.09648e-11
89.5	6.09688e-11
89.6	6.09729e-11
89.7	6.0977e-11
89.8	6.09811e-11
89.9	6.09852e-11
90	6.09893e-11
90.1	6.09934e-11
90.2	6.09975e-11
90.3	6.10015e-11
90.4	6.10056e-11
90.5	6.10097e-11
90.6	6.10138e-11
90.7	6.10178e-11
90.8	6.10219e-11
90.9	6.1026e-11
91	6.10301e-11
91.1	6.10341e-11
91.2	6.10382e-11
91.3	6.10422e-11
91.4	6.10463e-11
91.5	6.10504e-11
91.6	6.10544e-11
91.7	6.10585e-11
91.8	6.10625e-11
91.9	6.10665e-11
92	6.10706e-11
92.1	6.10746e-11
92.2	6.10787e-11
92.3	6.10827e-11
92.4	6.10867e-11
92.5	6.10908e-11
92.6	6.10948e-11
92.7	6.10988e-11
92.8	6.11028e-11
92.9	6.11068e-11
93	6.11108e-11
93.1	6.11148e-11
93.2	6.11188e-11
93.3	6.11228e-11
93.4	6.11268e-11
93.5	6.11308e-11
93.6	6.11348e-11
93.7	6.11388e-11
93.8	6.11428e-11
93.9	6.11468e-11
94	6.11507e-11
94.1	6.11547e-11
94.2	6.11587e-11
94.3	6.11626e-11
94.4	6.11666e-11
94.5	6.11705e-11
94.6	6.11745e-11
94.7	6.11784e-11
94.8	6.11824e-11
94.9	6.11863e-11
95	6.11902e-11
95.1	6.11941e-11
95.2	6.11981e-11
95.3	6.1202e-11
95.4	6.12059e-11
95.5	6.12098e-11
95.6	6.12137e-11
95.7	6.12176e-11
95.8	6.12215e-11
95.9	6.12254e-11
96	6.12293e-11
96.1	6.12331e-11
96.2	6.1237e-11
96.3	6.12409e-11
96.4	6.12447e-11
96.5	6.12486e-11
96.6	6.12524e-11
96.7	6.12563e-11
96.8	6.12601e-11
96.9	6.1264e-11
97	6.12678e-11
97.1	6.12716e-11
97.2	6.12754e-11
97.3	6.12793e-11
97.4	6.12831e-11
97.5	6.12869e-11
97.6	6.12907e-11
97.7	6.12945e-11
97.8	6.12982e-11
97.9	6.1302e-11
98	6.13058e-11
98.1	6.13096e-11
98.2	6.13133e-11
98.3	6.13171e-11
98.4	6.13208e-11
98.5	6.13246e-11
98.6	6.13283e-11
98.7	6.13321e-11
98.8	6.13358e-11
98.9	6.13395e-11
99	6.13432e-11
99.1	6.13469e-11
99.2	6.13506e-11
99.3	6.13543e-11
99.4	6.1358e-11
99.5	6.13617e-11
99.6	6.13654e-11
99.7	6.13691e-11
99.8	6.13727e-11
99.9	6.13764e-11
100	6.138e-11
100.1	6.13837e-11
100.2	6.13873e-11
100.3	6.1391e-11
100.4	6.13946e-11
100.5	6.13982e-11
100.6	6.14018e-11
100.7	6.14054e-11
100.8	6.1409e-11
100.9	6.14126e-11
101	6.14162e-11
101.1	6.14198e-11
101.2	6.14234e-11
101.3	6.14269e-11
101.4	6.14305e-11
101.5	6.14341e-11
101.6	6.14376e-11
101.7	6.14412e-11
101.8	6.14447e-11
101.9	6.14482e-11
102	6.14517e-11
102.1	6.14553e-11
102.2	6.14588e-11
102.3	6.14623e-11
102.4	6.14658e-11
102.5	6.14692e-11
102.6	6.14727e-11
102.7	6.14762e-11
102.8	6.14797e-11
102.9	6.14831e-11
103	6.14866e-11
103.1	6.149e-11
103.2	6.14935e-11
103.3	6.14969e-11
103.4	6.15003e-11
103.5	6.15037e-11
103.6	6.15072e-11
103.7	6.15106e-11
103.8	6.1514e-11
103.9	6.15173e-11
104	6.15207e-11
104.1	6.15241e-11
104.2	6.15275e-11
104.3	6.15308e-11
104.4	6.15342e-11
104.5	6.15375e-11
104.6	6.15409e-11
104.7	6.15442e-11
104.8	6.15475e-11
104.9	6.15508e-11
105	6.15541e-11
105.1	6.15574e-11
105.2	6.15607e-11
105.3	6.1564e-11
105.4	6.15673e-11
105.5	6.15706e-11
105.6	6.15738e-11
105.7	6.15771e-11
105.8	6.15804e-11
105.9	6.15836e-11
106	6.15868e-11
106.1	6.15901e-11
106.2	6.15933e-11
106.3	6.15965e-11
106.4	6.15997e-11
106.5	6.16029e-11
106.6	6.16061e-11
106.7	6.16093e-11
106.8	6.16125e-11
106.9	6.16156e-11
107	6.16188e-11
107.1	6.16219e-11
107.2	6.16251e-11
107.3	6.16282e-11
107.4	6.16314e-11
107.5	6.16345e-11
107.6	6.16376e-11
107.7	6.16407e-11
107.8	6.16438e-11
107.9	6.16469e-11
108	6.165e-11
108.1	6.16531e-11
108.2	6.16561e-11
108.3	6.16592e-11
108.4	6.16623e-11
108.5	6.16653e-11
108.6	6.16684e-11
108.7	6.16714e-11
108.8	6.16744e-11
108.9	6.16774e-11
109	6.16804e-11
109.1	6.16835e-11
109.2	6.16864e-11
109.3	6.16894e-11
109.4	6.16924e-11
109.5	6.16954e-11
109.6	6.16984e-11
109.7	6.17013e-11
109.8	6.17043e-11
109.9	6.17072e-11
110	6.17101e-11
110.1	6.17131e-11
110.2	6.1716e-11
110.3	6.17189e-11
110.4	6.17218e-11
110.5	6.17247e-11
110.6	6.17276e-11
110.7	6.17305e-11
110.8	6.17334e-11
110.9	6.17362e-11
111	6.17391e-11
111.1	6.17419e-11
111.2	6.17448e-11
111.3	6.17476e-11
111.4	6.17505e-11
111.5	6.17533e-11
111.6	6.17561e-11
111.7	6.17589e-11
111.8	6.17617e-11
111.9	6.17645e-11
112	6.17673e-11
112.1	6.17701e-11
112.2	6.17728e-11
112.3	6.17756e-11
112.4	6.17783e-11
112.5	6.17811e-11
112.6	6.17838e-11
112.7	6.17866e-11
112.8	6.17893e-11
112.9	6.1792e-11
113	6.17947e-11
113.1	6.17974e-11
113.2	6.18001e-11
113.3	6.18028e-11
113.4	6.18055e-11
113.5	6.18082e-11
113.6	6.18108e-11
113.7	6.18135e-11
113.8	6.18161e-11
113.9	6.18188e-11
114	6.18214e-11
114.1	6.1824e-11
114.2	6.18267e-11
114.3	6.18293e-11
114.4	6.18319e-11
114.5	6.18345e-11
114.6	6.18371e-11
114.7	6.18396e-11
114.8	6.18422e-11
114.9	6.18448e-11
115	6.18473e-11
115.1	6.18499e-11
115.2	6.18524e-11
115.3	6.1855e-11
115.4	6.18575e-11
115.5	6.186e-11
115.6	6.18626e-11
115.7	6.18651e-11
115.8	6.18676e-11
115.9	6.18701e-11
116	6.18726e-11
116.1	6.1875e-11
116.2	6.18775e-11
116.3	6.188e-11
116.4	6.18824e-11
116.5	6.18849e-11
116.6	6.18873e-11
116.7	6.18898e-11
116.8	6.18922e-11
116.9	6.18946e-11
117	6.1897e-11
117.1	6.18995e-11
117.2	6.19019e-11
117.3	6.19042e-11
117.4	6.19066e-11
117.5	6.1909e-11
117.6	6.19114e-11
117.7	6.19138e-11
117.8	6.19161e-11
117.9	6.19185e-11
118	6.19208e-11
118.1	6.19231e-11
118.2	6.19255e-11
118.3	6.19278e-11
118.4	6.19301e-11
118.5	6.19324e-11
118.6	6.19347e-11
118.7	6.1937e-11
118.8	6.19393e-11
118.9	6.19416e-11
119	6.19439e-11
119.1	6.19461e-11
119.2	6.19484e-11
119.3	6.19507e-11
119.4	6.19529e-11
119.5	6.19551e-11
119.6	6.19574e-11
119.7	6.19596e-11
119.8	6.19618e-11
119.9	6.1964e-11
120	6.19662e-11
120.1	6.19684e-11
120.2	6.19706e-11
120.3	6.19728e-11
120.4	6.1975e-11
120.5	6.19772e-11
120.6	6.19793e-11
120.7	6.19815e-11
120.8	6.19836e-11
120.9	6.19858e-11
121	6.19879e-11
121.1	6.199e-11
121.2	6.19922e-11
121.3	6.19943e-11
121.4	6.19964e-11
121.5	6.19985e-11
121.6	6.20006e-11
121.7	6.20027e-11
121.8	6.20048e-11
121.9	6.20069e-11
122	6.20089e-11
122.1	6.2011e-11
122.2	6.2013e-11
122.3	6.20151e-11
122.4	6.20171e-11
122.5	6.20192e-11
122.6	6.20212e-11
122.7	6.20232e-11
122.8	6.20253e-11
122.9	6.20273e-11
123	6.20293e-11
123.1	6.20313e-11
123.2	6.20333e-11
123.3	6.20353e-11
123.4	6.20372e-11
123.5	6.20392e-11
123.6	6.20412e-11
123.7	6.20431e-11
123.8	6.20451e-11
123.9	6.2047e-11
124	6.2049e-11
124.1	6.20509e-11
124.2	6.20528e-11
124.3	6.20548e-11
124.4	6.20567e-11
124.5	6.20586e-11
124.6	6.20605e-11
124.7	6.20624e-11
124.8	6.20643e-11
124.9	6.20662e-11
125	6.20681e-11
125.1	6.20699e-11
125.2	6.20718e-11
125.3	6.20737e-11
125.4	6.20755e-11
125.5	6.20774e-11
125.6	6.20792e-11
125.7	6.20811e-11
125.8	6.20829e-11
125.9	6.20847e-11
126	6.20865e-11
126.1	6.20883e-11
126.2	6.20902e-11
126.3	6.2092e-11
126.4	6.20937e-11
126.5	6.20955e-11
126.6	6.20973e-11
126.7	6.20991e-11
126.8	6.21009e-11
126.9	6.21026e-11
127	6.21044e-11
127.1	6.21062e-11
127.2	6.21079e-11
127.3	6.21096e-11
127.4	6.21114e-11
127.5	6.21131e-11
127.6	6.21148e-11
127.7	6.21166e-11
127.8	6.21183e-11
127.9	6.212e-11
128	6.21217e-11
128.1	6.21234e-11
128.2	6.21251e-11
128.3	6.21268e-11
128.4	6.21284e-11
128.5	6.21301e-11
128.6	6.21318e-11
128.7	6.21334e-11
128.8	6.21351e-11
128.9	6.21367e-11
129	6.21384e-11
129.1	6.214e-11
129.2	6.21417e-11
129.3	6.21433e-11
129.4	6.21449e-11
129.5	6.21465e-11
129.6	6.21482e-11
129.7	6.21498e-11
129.8	6.21514e-11
129.9	6.2153e-11
130	6.21546e-11
130.1	6.21561e-11
130.2	6.21577e-11
130.3	6.21593e-11
130.4	6.21609e-11
130.5	6.21624e-11
130.6	6.2164e-11
130.7	6.21655e-11
130.8	6.21671e-11
130.9	6.21686e-11
131	6.21702e-11
131.1	6.21717e-11
131.2	6.21732e-11
131.3	6.21748e-11
131.4	6.21763e-11
131.5	6.21778e-11
131.6	6.21793e-11
131.7	6.21808e-11
131.8	6.21823e-11
131.9	6.21838e-11
132	6.21853e-11
132.1	6.21868e-11
132.2	6.21882e-11
132.3	6.21897e-11
132.4	6.21912e-11
132.5	6.21926e-11
132.6	6.21941e-11
132.7	6.21956e-11
132.8	6.2197e-11
132.9	6.21984e-11
133	6.21999e-11
133.1	6.22013e-11
133.2	6.22027e-11
133.3	6.22042e-11
133.4	6.22056e-11
133.5	6.2207e-11
133.6	6.22084e-11
133.7	6.22098e-11
133.8	6.22112e-11
133.9	6.22126e-11
134	6.2214e-11
134.1	6.22154e-11
134.2	6.22168e-11
134.3	6.22181e-11
134.4	6.22195e-11
134.5	6.22209e-11
134.6	6.22222e-11
134.7	6.22236e-11
134.8	6.22249e-11
134.9	6.22263e-11
135	6.22276e-11
135.1	6.2229e-11
135.2	6.22303e-11
135.3	6.22316e-11
135.4	6.2233e-11
135.5	6.22343e-11
135.6	6.22356e-11
135.7	6.22369e-11
135.8	6.22382e-11
135.9	6.22395e-11
136	6.22408e-11
136.1	6.22421e-11
136.2	6.22434e-11
136.3	6.22447e-11
136.4	6.2246e-11
136.5	6.22472e-11
136.6	6.22485e-11
136.7	6.22498e-11
136.8	6.2251e-11
136.9	6.22523e-11
137	6.22536e-11
137.1	6.22548e-11
137.2	6.22561e-11
137.3	6.22573e-11
137.4	6.22585e-11
137.5	6.22598e-11
137.6	6.2261e-11
137.7	6.22622e-11
137.8	6.22634e-11
137.9	6.22647e-11
138	6.22659e-11
138.1	6.22671e-11
138.2	6.22683e-11
138.3	6.22695e-11
138.4	6.22707e-11
138.5	6.22719e-11
138.6	6.22731e-11
138.7	6.22742e-11
138.8	6.22754e-11
138.9	6.22766e-11
139	6.22778e-11
139.1	6.22789e-11
139.2	6.22801e-11
139.3	6.22813e-11
139.4	6.22824e-11
139.5	6.22836e-11
139.6	6.22847e-11
139.7	6.22859e-11
139.8	6.2287e-11
139.9	6.22881e-11
140	6.22893e-11
140.1	6.22904e-11
140.2	6.22915e-11
140.3	6.22926e-11
140.4	6.22938e-11
140.5	6.22949e-11
140.6	6.2296e-11
140.7	6.22971e-11
140.8	6.22982e-11
140.9	6.22993e-11
141	6.23004e-11
141.1	6.23015e-11
141.2	6.23026e-11
141.3	6.23037e-11
141.4	6.23047e-11
141.5	6.23058e-11
141.6	6.23069e-11
141.7	6.2308e-11
141.8	6.2309e-11
141.9	6.23101e-11
142	6.23111e-11
142.1	6.23122e-11
142.2	6.23133e-11
142.3	6.23143e-11
142.4	6.23153e-11
142.5	6.23164e-11
142.6	6.23174e-11
142.7	6.23185e-11
142.8	6.23195e-11
142.9	6.23205e-11
143	6.23215e-11
143.1	6.23226e-11
143.2	6.23236e-11
143.3	6.23246e-11
143.4	6.23256e-11
143.5	6.23266e-11
143.6	6.23276e-11
143.7	6.23286e-11
143.8	6.23296e-11
143.9	6.23306e-11
144	6.23316e-11
144.1	6.23326e-11
144.2	6.23336e-11
144.3	6.23346e-11
144.4	6.23355e-11
144.5	6.23365e-11
144.6	6.23375e-11
144.7	6.23385e-11
144.8	6.23394e-11
144.9	6.23404e-11
145	6.23413e-11
145.1	6.23423e-11
145.2	6.23432e-11
145.3	6.23442e-11
145.4	6.23451e-11
145.5	6.23461e-11
145.6	6.2347e-11
145.7	6.2348e-11
145.8	6.23489e-11
145.9	6.23498e-11
146	6.23508e-11
146.1	6.23517e-11
146.2	6.23526e-11
146.3	6.23535e-11
146.4	6.23544e-11
146.5	6.23554e-11
146.6	6.23563e-11
146.7	6.23572e-11
146.8	6.23581e-11
146.9	6.2359e-11
147	6.23599e-11
147.1	6.23608e-11
147.2	6.23617e-11
147.3	6.23626e-11
147.4	6.23635e-11
147.5	6.23643e-11
147.6	6.23652e-11
147.7	6.23661e-11
147.8	6.2367e-11
147.9	6.23679e-11
148	6.23687e-11
148.1	6.23696e-11
148.2	6.23705e-11
148.3	6.23713e-11
148.4	6.23722e-11
148.5	6.2373e-11
148.6	6.23739e-11
148.7	6.23747e-11
148.8	6.23756e-11
148.9	6.23764e-11
149	6.23773e-11
149.1	6.23781e-11
149.2	6.2379e-11
149.3	6.23798e-11
149.4	6.23806e-11
149.5	6.23815e-11
149.6	6.23823e-11
149.7	6.23831e-11
149.8	6.23839e-11
149.9	6.23848e-11
150	6.23856e-11
150.1	6.23864e-11
150.2	6.23872e-11
150.3	6.2388e-11
150.4	6.23888e-11
150.5	6.23896e-11
150.6	6.23904e-11
150.7	6.23912e-11
150.8	6.2392e-11
150.9	6.23928e-11
151	6.23936e-11
151.1	6.23944e-11
151.2	6.23952e-11
151.3	6.2396e-11
151.4	6.23968e-11
151.5	6.23976e-11
151.6	6.23983e-11
151.7	6.23991e-11
151.8	6.23999e-11
151.9	6.24007e-11
152	6.24014e-11
152.1	6.24022e-11
152.2	6.2403e-11
152.3	6.24037e-11
152.4	6.24045e-11
152.5	6.24053e-11
152.6	6.2406e-11
152.7	6.24068e-11
152.8	6.24075e-11
152.9	6.24083e-11
153	6.2409e-11
153.1	6.24098e-11
153.2	6.24105e-11
153.3	6.24113e-11
153.4	6.2412e-11
153.5	6.24127e-11
153.6	6.24135e-11
153.7	6.24142e-11
153.8	6.24149e-11
153.9	6.24157e-11
154	6.24164e-11
154.1	6.24171e-11
154.2	6.24178e-11
154.3	6.24186e-11
154.4	6.24193e-11
154.5	6.242e-11
154.6	6.24207e-11
154.7	6.24214e-11
154.8	6.24221e-11
154.9	6.24228e-11
155	6.24235e-11
155.1	6.24243e-11
155.2	6.2425e-11
155.3	6.24257e-11
155.4	6.24264e-11
155.5	6.24271e-11
155.6	6.24277e-11
155.7	6.24284e-11
155.8	6.24291e-11
155.9	6.24298e-11
156	6.24305e-11
156.1	6.24312e-11
156.2	6.24319e-11
156.3	6.24326e-11
156.4	6.24332e-11
156.5	6.24339e-11
156.6	6.24346e-11
156.7	6.24353e-11
156.8	6.24359e-11
156.9	6.24366e-11
157	6.24373e-11
157.1	6.24379e-11
157.2	6.24386e-11
157.3	6.24393e-11
157.4	6.24399e-11
157.5	6.24406e-11
157.6	6.24413e-11
157.7	6.24419e-11
157.8	6.24426e-11
157.9	6.24432e-11
158	6.24439e-11
158.1	6.24445e-11
158.2	6.24452e-11
158.3	6.24458e-11
158.4	6.24465e-11
158.5	6.24471e-11
158.6	6.24478e-11
158.7	6.24484e-11
158.8	6.2449e-11
158.9	6.24497e-11
159	6.24503e-11
159.1	6.24509e-11
159.2	6.24516e-11
159.3	6.24522e-11
159.4	6.24528e-11
159.5	6.24535e-11
159.6	6.24541e-11
159.7	6.24547e-11
159.8	6.24553e-11
159.9	6.24559e-11
160	6.24566e-11
160.1	6.24572e-11
160.2	6.24578e-11
160.3	6.24584e-11
160.4	6.2459e-11
160.5	6.24596e-11
160.6	6.24603e-11
160.7	6.24609e-11
160.8	6.24615e-11
160.9	6.24621e-11
161	6.24627e-11
161.1	6.24633e-11
161.2	6.24639e-11
161.3	6.24645e-11
161.4	6.24651e-11
161.5	6.24657e-11
161.6	6.24663e-11
161.7	6.24669e-11
161.8	6.24675e-11
161.9	6.24681e-11
162	6.24687e-11
162.1	6.24692e-11
162.2	6.24698e-11
162.3	6.24704e-11
162.4	6.2471e-11
162.5	6.24716e-11
162.6	6.24722e-11
162.7	6.24728e-11
162.8	6.24733e-11
162.9	6.24739e-11
163	6.24745e-11
163.1	6.24751e-11
163.2	6.24756e-11
163.3	6.24762e-11
163.4	6.24768e-11
163.5	6.24774e-11
163.6	6.24779e-11
163.7	6.24785e-11
163.8	6.24791e-11
163.9	6.24796e-11
164	6.24802e-11
164.1	6.24808e-11
164.2	6.24813e-11
164.3	6.24819e-11
164.4	6.24824e-11
164.5	6.2483e-11
164.6	6.24836e-11
164.7	6.24841e-11
164.8	6.24847e-11
164.9	6.24852e-11
165	6.24858e-11
165.1	6.24863e-11
165.2	6.24869e-11
165.3	6.24874e-11
165.4	6.2488e-11
165.5	6.24885e-11
165.6	6.24891e-11
165.7	6.24896e-11
165.8	6.24902e-11
165.9	6.24907e-11
166	6.24912e-11
166.1	6.24918e-11
166.2	6.24923e-11
166.3	6.24929e-11
166.4	6.24934e-11
166.5	6.24939e-11
166.6	6.24945e-11
166.7	6.2495e-11
166.8	6.24955e-11
166.9	6.24961e-11
167	6.24966e-11
167.1	6.24971e-11
167.2	6.24977e-11
167.3	6.24982e-11
167.4	6.24987e-11
167.5	6.24993e-11
167.6	6.24998e-11
167.7	6.25003e-11
167.8	6.25008e-11
167.9	6.25013e-11
168	6.25019e-11
168.1	6.25024e-11
168.2	6.25029e-11
168.3	6.25034e-11
168.4	6.25039e-11
168.5	6.25045e-11
168.6	6.2505e-11
168.7	6.25055e-11
168.8	6.2506e-11
168.9	6.25065e-11
169	6.2507e-11
169.1	6.25075e-11
169.2	6.25081e-11
169.3	6.25086e-11
169.4	6.25091e-11
169.5	6.25096e-11
169.6	6.25101e-11
169.7	6.25106e-11
169.8	6.25111e-11
169.9	6.25116e-11
170	6.25121e-11
170.1	6.25126e-11
170.2	6.25131e-11
170.3	6.25136e-11
170.4	6.25141e-11
170.5	6.25146e-11
170.6	6.25151e-11
170.7	6.25156e-11
170.8	6.25161e-11
170.9	6.25166e-11
171	6.25171e-11
171.1	6.25176e-11
171.2	6.25181e-11
171.3	6.25186e-11
171.4	6.25191e-11
171.5	6.25196e-11
171.6	6.25201e-11
171.7	6.25205e-11
171.8	6.2521e-11
171.9	6.25215e-11
172	6.2522e-11
172.1	6.25225e-11
172.2	6.2523e-11
172.3	6.25235e-11
172.4	6.2524e-11
172.5	6.25244e-11
172.6	6.25249e-11
172.7	6.25254e-11
172.8	6.25259e-11
172.9	6.25264e-11
173	6.25269e-11
173.1	6.25273e-11
173.2	6.25278e-11
173.3	6.25283e-11
173.4	6.25288e-11
173.5	6.25292e-11
173.6	6.25297e-11
173.7	6.25302e-11
173.8	6.25307e-11
173.9	6.25311e-11
174	6.25316e-11
174.1	6.25321e-11
174.2	6.25326e-11
174.3	6.2533e-11
174.4	6.25335e-11
174.5	6.2534e-11
174.6	6.25345e-11
174.7	6.25349e-11
174.8	6.25354e-11
174.9	6.25359e-11
175	6.25363e-11
175.1	6.25368e-11
175.2	6.25373e-11
175.3	6.25377e-11
175.4	6.25382e-11
175.5	6.25387e-11
175.6	6.25391e-11
175.7	6.25396e-11
175.8	6.254e-11
175.9	6.25405e-11
176	6.2541e-11
176.1	6.25414e-11
176.2	6.25419e-11
176.3	6.25424e-11
176.4	6.25428e-11
176.5	6.25433e-11
176.6	6.25437e-11
176.7	6.25442e-11
176.8	6.25446e-11
176.9	6.25451e-11
177	6.25456e-11
177.1	6.2546e-11
177.2	6.25465e-11
177.3	6.25469e-11
177.4	6.25474e-11
177.5	6.25478e-11
177.6	6.25483e-11
177.7	6.25487e-11
177.8	6.25492e-11
177.9	6.25496e-11
178	6.25501e-11
178.1	6.25505e-11
178.2	6.2551e-11
178.3	6.25514e-11
178.4	6.25519e-11
178.5	6.25523e-11
178.6	6.25528e-11
178.7	6.25532e-11
178.8	6.25537e-11
178.9	6.25541e-11
179	6.25546e-11
179.1	6.2555e-11
179.2	6.25555e-11
179.3	6.25559e-11
179.4	6.25564e-11
179.5	6.25568e-11
179.6	6.25572e-11
179.7	6.25577e-11
179.8	6.25581e-11
179.9	6.25586e-11
180	6.2559e-11
180.1	6.25595e-11
180.2	6.25599e-11
180.3	6.25603e-11
180.4	6.25608e-11
180.5	6.25612e-11
180.6	6.25617e-11
180.7	6.25621e-11
180.8	6.25625e-11
180.9	6.2563e-11
181	6.25634e-11
181.1	6.25639e-11
181.2	6.25643e-11
181.3	6.25647e-11
181.4	6.25652e-11
181.5	6.25656e-11
181.6	6.2566e-11
181.7	6.25665e-11
181.8	6.25669e-11
181.9	6.25673e-11
182	6.25678e-11
182.1	6.25682e-11
182.2	6.25686e-11
182.3	6.25691e-11
182.4	6.25695e-11
182.5	6.25699e-11
182.6	6.25704e-11
182.7	6.25708e-11
182.8	6.25712e-11
182.9	6.25717e-11
183	6.25721e-11
183.1	6.25725e-11
183.2	6.2573e-11
183.3	6.25734e-11
183.4	6.25738e-11
183.5	6.25743e-11
183.6	6.25747e-11
183.7	6.25751e-11
183.8	6.25755e-11
183.9	6.2576e-11
184	6.25764e-11
184.1	6.25768e-11
184.2	6.25772e-11
184.3	6.25777e-11
184.4	6.25781e-11
184.5	6.25785e-11
184.6	6.2579e-11
184.7	6.25794e-11
184.8	6.25798e-11
184.9	6.25802e-11
185	6.25807e-11
185.1	6.25811e-11
185.2	6.25815e-11
185.3	6.25819e-11
185.4	6.25824e-11
185.5	6.25828e-11
185.6	6.25832e-11
185.7	6.25836e-11
185.8	6.2584e-11
185.9	6.25845e-11
186	6.25849e-11
186.1	6.25853e-11
186.2	6.25857e-11
186.3	6.25862e-11
186.4	6.25866e-11
186.5	6.2587e-11
186.6	6.25874e-11
186.7	6.25878e-11
186.8	6.25883e-11
186.9	6.25887e-11
187	6.25891e-11
187.1	6.25895e-11
187.2	6.25899e-11
187.3	6.25904e-11
187.4	6.25908e-11
187.5	6.25912e-11
187.6	6.25916e-11
187.7	6.2592e-11
187.8	6.25924e-11
187.9	6.25929e-11
188	6.25933e-11
188.1	6.25937e-11
188.2	6.25941e-11
188.3	6.25945e-11
188.4	6.25949e-11
188.5	6.25954e-11
188.6	6.25958e-11
188.7	6.25962e-11
188.8	6.25966e-11
188.9	6.2597e-11
189	6.25974e-11
189.1	6.25979e-11
189.2	6.25983e-11
189.3	6.25987e-11
189.4	6.25991e-11
189.5	6.25995e-11
189.6	6.25999e-11
189.7	6.26003e-11
189.8	6.26008e-11
189.9	6.26012e-11
190	6.26016e-11
190.1	6.2602e-11
190.2	6.26024e-11
190.3	6.26028e-11
190.4	6.26032e-11
190.5	6.26036e-11
190.6	6.26041e-11
190.7	6.26045e-11
190.8	6.26049e-11
190.9	6.26053e-11
191	6.26057e-11
191.1	6.26061e-11
191.2	6.26065e-11
191.3	6.26069e-11
191.4	6.26073e-11
191.5	6.26078e-11
191.6	6.26082e-11
191.7	6.26086e-11
191.8	6.2609e-11
191.9	6.26094e-11
192	6.26098e-11
192.1	6.26102e-11
192.2	6.26106e-11
192.3	6.2611e-11
192.4	6.26114e-11
192.5	6.26119e-11
192.6	6.26123e-11
192.7	6.26127e-11
192.8	6.26131e-11
192.9	6.26135e-11
193	6.26139e-11
193.1	6.26143e-11
193.2	6.26147e-11
193.3	6.26151e-11
193.4	6.26155e-11
193.5	6.26159e-11
193.6	6.26163e-11
193.7	6.26168e-11
193.8	6.26172e-11
193.9	6.26176e-11
194	6.2618e-11
194.1	6.26184e-11
194.2	6.26188e-11
194.3	6.26192e-11
194.4	6.26196e-11
194.5	6.262e-11
194.6	6.26204e-11
194.7	6.26208e-11
194.8	6.26212e-11
194.9	6.26216e-11
195	6.2622e-11
195.1	6.26224e-11
195.2	6.26229e-11
195.3	6.26233e-11
195.4	6.26237e-11
195.5	6.26241e-11
195.6	6.26245e-11
195.7	6.26249e-11
195.8	6.26253e-11
195.9	6.26257e-11
196	6.26261e-11
196.1	6.26265e-11
196.2	6.26269e-11
196.3	6.26273e-11
196.4	6.26277e-11
196.5	6.26281e-11
196.6	6.26285e-11
196.7	6.26289e-11
196.8	6.26293e-11
196.9	6.26297e-11
197	6.26301e-11
197.1	6.26305e-11
197.2	6.26309e-11
197.3	6.26313e-11
197.4	6.26317e-11
197.5	6.26322e-11
197.6	6.26326e-11
197.7	6.2633e-11
197.8	6.26334e-11
197.9	6.26338e-11
198	6.26342e-11
198.1	6.26346e-11
198.2	6.2635e-11
198.3	6.26354e-11
198.4	6.26358e-11
198.5	6.26362e-11
198.6	6.26366e-11
198.7	6.2637e-11
198.8	6.26374e-11
198.9	6.26378e-11
199	6.26382e-11
199.1	6.26386e-11
199.2	6.2639e-11
199.3	6.26394e-11
199.4	6.26398e-11
199.5	6.26402e-11
199.6	6.26406e-11
199.7	6.2641e-11
199.8	6.26414e-11
199.9	6.26418e-11
200	6.26422e-11
