Omega	mmH3
3.8998e-05	415.444
3.41007e-07	139.519
5.46975e-05	406.014
0.000137604	244.866
4.15481e-07	159.587
8.24617e-06	197.985
7.2991e-05	539.922
5.76768e-05	486.531
2.55886e-05	788.882
4.73478e-05	566.413
1.81538e-05	645.078
2.19578e-05	867.699
1.13154e-05	939.049
2.51382e-05	606.469
3.17632e-05	690.248
5.12744e-05	517.192
3.3159e-05	476.594
2.76035e-05	585.415
1.60392e-05	737.484
0.000240579	246.962
0.000473769	121.156
1.68154e-05	628.068
5.71716e-05	349.251
5.20301e-05	370.469
3.3556e-05	659.618
1.9548e-05	842.571
5.97359e-06	194.554
2.54881e-05	530.859
2.64526e-05	538.717
3.98417e-05	411.312
2.1167e-05	743.996
0.000127576	193.098
6.18339e-07	155.442
3.99574e-05	391.662
8.29512e-05	275.158
2.56371e-05	493.523
5.6276e-05	317.68
0.000100167	332.417
9.31846e-05	258.332
0.000154725	193.729
2.55944e-05	769.462
6.26638e-05	397.295
5.82889e-05	353.447
1.39638e-05	893.763
2.81243e-05	509.797
6.53837e-06	79.2167
0.00458643	112.737
0.000163643	164.03
3.96683e-05	464.477
3.42989e-05	506.687
1.15622e-05	124.913
0.000155718	261.955
1.87019e-05	939.219
2.67203e-05	635.688
2.79273e-05	738.984
0.00205782	121.228
3.30479e-05	447.451
1.93185e-05	824.086
1.99973e-05	724.586
1.52733e-05	765.181
8.72961e-06	207.565
0.000905831	117.841
1.1488e-05	867.079
1.43346e-05	914.028
2.69299e-05	899.677
3.90764e-05	351.448
5.73177e-05	418.509
9.44561e-05	242.109
0.000215133	238.131
1.58969e-05	765.167
2.6622e-05	859.381
1.24804e-05	917.648
0.000112194	274.286
2.24731e-05	638.317
3.6627e-05	675.923
6.99414e-05	428.307
9.80562e-05	359.079
3.75914e-05	463.955
4.05115e-05	737.219
6.45819e-05	235.873
8.57919e-05	310.206
5.98742e-05	493.853
5.63182e-05	464.676
6.22764e-05	517.862
4.18062e-05	345.444
9.47071e-05	294.45
8.26697e-05	245.44
8.68924e-05	286.827
3.12556e-05	224.061
0.00048437	97.2273
2.10697e-05	773.488
4.60236e-05	494.311
4.49296e-05	732.614
0.000168796	387.194
7.13032e-07	137.092
5.38179e-05	352.533
0.000104422	317.278
3.49044e-05	447.852
0.0002704	91.7155
2.21582e-05	620.301
9.40394e-05	298.626
2.1961e-06	200.769
1.64815e-05	799.251
3.25392e-05	456.364
3.45244e-05	495.037
8.96644e-05	403.167
3.51748e-05	452.181
3.3638e-05	561.5
4.02059e-05	492.625
3.65404e-06	200.625
2.00235e-05	827.662
0.003439	118.769
4.92497e-05	344.191
3.73839e-05	541.005
7.51724e-05	551.197
0.000457691	103.651
3.04837e-05	532.935
2.88091e-05	492.535
4.45449e-05	487.496
1.40398e-05	845.388
4.53501e-05	775.855
7.407e-05	366.877
0.00071969	117.724
2.43951e-05	631.735
2.72721e-05	546.458
2.52173e-05	202.564
0.000649494	75.9261
5.30585e-05	311.538
7.60265e-05	279.931
3.37246e-05	729.716
0.00114249	89.6683
2.64587e-05	784.481
2.81338e-05	469.226
1.68314e-05	883.808
2.23825e-05	735.696
5.67409e-05	378.379
6.84717e-05	165.461
2.3305e-05	608.988
0.000969818	143.226
1.60395e-05	719.764
4.63967e-05	393.035
6.05281e-05	318.839
2.86351e-05	721.593
2.00558e-06	192.157
0.000100191	328.307
2.09729e-05	745.271
5.17499e-06	164.396
1.13929e-05	195.745
2.53535e-05	860.659
1.11914e-05	125.675
0.000203994	173.775
1.73376e-05	717.574
1.7154e-05	805.761
1.29068e-05	233.986
0.00410692	69.6381
0.000110953	280.303
7.36495e-05	288.268
2.16778e-05	751.303
0.000119206	408.532
3.4446e-06	198.523
4.36469e-05	555.569
6.22919e-05	326.292
1.74339e-05	215.861
6.89411e-05	223.674
0.000135884	183.197
7.96248e-05	339.283
1.77837e-05	900.78
6.7429e-05	548.858
1.80127e-05	606.083
2.46486e-05	663.49
0.000275141	119.121
4.95217e-05	412.56
0.000176236	158.44
2.39787e-05	606.029
5.95573e-05	497.42
7.5435e-05	404.525
5.66159e-05	512.392
0.000105772	254.352
4.75266e-06	211.632
3.578e-05	384.742
1.13859e-05	829.195
1.30838e-05	893.692
2.08e-05	734.285
2.06595e-05	639.424
4.37432e-05	501.417
2.34245e-05	629.651
1.55768e-05	887.771
0.00269892	102.889
2.36162e-05	867.625
1.6434e-05	666.113
9.9062e-05	237.943
3.40381e-05	414.305
3.04426e-05	510.693
2.21857e-05	790.272
3.83537e-05	613.764
1.17162e-06	160.937
0.00111786	102.475
4.78736e-05	567.11
1.46117e-05	822.118
3.17812e-06	157.682
5.66632e-05	542.444
5.96474e-05	460.061
1.93938e-05	674.549
1.04153e-05	946.965
6.15744e-05	446.238
2.66329e-05	178.208
1.92131e-05	916.528
1.47345e-05	794.978
7.19803e-05	256.442
1.7336e-05	904.251
2.1319e-05	883.578
8.74812e-05	426.15
0.00013224	544.153
4.32683e-05	352.15
4.28481e-05	660.326
7.61885e-05	477.144
2.54953e-05	629.661
2.2282e-05	709.51
2.36885e-05	667.831
8.44433e-05	562.752
3.82901e-05	631.993
3.91178e-05	632.427
0.000112645	246.89
4.18758e-05	649.212
2.5302e-05	641.923
0.000352377	97.483
5.13449e-05	410.576
3.79732e-05	417.286
1.74582e-05	738.85
3.09027e-05	442.567
3.29826e-05	678.664
2.29804e-05	544.537
0.000104361	374.968
0.000220084	287.094
0.000139583	327.683
6.36909e-05	440.364
1.93017e-05	699.601
4.92031e-05	411.646
7.79728e-05	84.2728
5.33378e-05	566.506
0.000126217	186.313
6.78813e-05	418.809
2.25355e-05	770.833
2.21386e-05	714.611
1.51769e-05	897.269
3.08376e-05	807.464
8.25891e-05	498.175
0.00014479	610.877
2.50361e-05	677.152
0.0014863	111.969
0.0182751	85.2025
6.58204e-05	314.98
0.000229491	175.447
2.06388e-05	688.464
6.0223e-07	158.505
1.91201e-05	647.761
1.42621e-05	917.961
4.58405e-05	402.026
2.09229e-05	726.01
3.52418e-05	781.252
3.95086e-05	478.238
3.34799e-05	439.008
0.00034655	124.676
0.00207403	112.499
6.60044e-05	335.313
2.44329e-05	484.571
2.54451e-05	587.026
3.50319e-05	260.714
3.74177e-05	374.701
5.52144e-06	183.781
1.46972e-05	828.516
1.94344e-05	663.861
1.89527e-05	665.444
1.41249e-05	842.775
4.6237e-07	134.355
1.78932e-05	894.931
0.000123953	175.412
5.4697e-05	353.96
3.13512e-05	507.693
0.000201225	232.83
8.93462e-05	300.123
6.79061e-05	324.5
1.90655e-05	714.213
9.41218e-05	265.455
2.99695e-05	819.764
3.23838e-05	864.716
7.02062e-05	322.383
2.44523e-05	737.372
3.42244e-05	688.698
5.45412e-05	449.095
1.24113e-05	846.777
5.21344e-05	326.914
2.90655e-05	826.499
4.20687e-05	413.399
2.16252e-05	818.854
1.63568e-05	869.366
2.74306e-05	636.334
7.07515e-05	640.955
2.0488e-05	701.807
1.45369e-05	717.416
4.62037e-05	503.4
9.38949e-05	258.781
3.11804e-05	422.947
3.3393e-05	707.398
3.38726e-05	758.469
2.77048e-06	206.553
0.000211926	315.707
0.000105743	199.562
4.8518e-05	660.426
0.000287551	298.124
4.05758e-05	461.04
1.60969e-05	831.365
4.30709e-05	382.49
0.000115589	117.738
5.13627e-05	491.085
2.79373e-05	757.761
1.34739e-05	917.834
4.78218e-05	456.044
8.19941e-05	253.09
8.71034e-05	279.1
1.12968e-05	924.516
0.000514889	189.459
0.000109624	102.177
2.68689e-05	775.831
4.54663e-05	399.567
8.50111e-05	659.27
3.59191e-05	433.019
8.08004e-05	279.063
1.00774e-05	918.358
1.38124e-05	760.995
1.21878e-05	904.489
0.000161035	291.514
2.34337e-05	616.839
0.000193427	107.154
0.00011083	336.362
5.05299e-05	412.822
1.23929e-05	845.232
1.38366e-05	791.174
3.62593e-05	396.839
4.28649e-05	481.883
7.42098e-05	491.383
6.85292e-05	271.294
2.09806e-05	608.167
1.99276e-05	577.471
2.80639e-05	768.625
3.3436e-05	433.388
1.90898e-05	750.741
4.38725e-05	386.954
5.38935e-05	510.548
2.9544e-05	895.447
2.89687e-06	202.034
9.22093e-05	422.236
2.26434e-05	659.783
2.43845e-05	929.152
2.50049e-05	231.281
9.21824e-05	442.419
4.64316e-05	386.863
1.13609e-05	896.742
8.17522e-05	535.218
4.16434e-05	471.953
7.60779e-05	284.204
1.93821e-05	917.7
1.32534e-05	916.453
2.52646e-05	850.594
4.38487e-05	751.488
4.91403e-05	243.143
5.68794e-05	603.751
1.68729e-05	858.47
6.6404e-05	155.058
1.18679e-05	915.643
1.97677e-05	682.441
2.59474e-05	243.625
1.40575e-05	736.403
1.62313e-05	856.532
1.17654e-05	910.935
0.000278119	163.063
0.000132221	116.458
2.70958e-05	787.499
1.85693e-05	655.457
2.41304e-05	554.668
7.93126e-05	447.101
2.9353e-05	888.909
4.72007e-05	576.071
6.40815e-05	211.558
0.000737431	190.815
0.000170226	115.786
3.66967e-05	500.13
2.85257e-05	617.286
2.2753e-05	527.877
2.29817e-05	653.742
2.23955e-05	735.479
2.29677e-05	567.974
3.13461e-05	654.149
4.08097e-05	714.336
5.81178e-05	325.359
3.48248e-05	493.076
7.31223e-06	157.215
0.000394146	94.8409
2.05145e-05	646.054
1.63385e-05	798.008
2.67156e-05	527.535
0.000881421	73.1352
4.53999e-05	125.664
6.27015e-05	550.251
0.00587169	95.8709
2.26224e-05	942.199
1.48344e-05	827.403
0.000262442	285.893
2.23904e-05	837.533
5.49862e-05	329.225
9.97834e-05	240.324
0.000115152	219.465
9.7098e-06	155.059
2.29135e-05	685.087
1.57849e-05	926.862
1.7274e-05	738.342
8.59834e-05	360.555
4.28533e-05	600.467
1.48364e-05	849.747
3.20507e-05	525.228
1.46411e-05	891.76
9.57482e-05	465.374
0.000195118	300.631
0.000103857	265.248
2.32586e-05	736.023
1.47353e-05	936.112
4.13427e-05	429.548
1.99871e-05	678.7
7.21328e-05	382.64
0.000320943	144.603
1.94642e-05	791.799
3.5565e-05	557.651
3.4458e-05	464.78
3.06178e-05	675.601
1.84981e-05	847.146
0.00029919	145.327
1.56105e-05	185.857
4.21825e-05	457.636
1.80745e-05	859.463
5.56538e-05	541.682
1.76706e-05	819.035
7.38661e-05	407.113
4.07855e-05	393.316
6.03503e-05	332.034
2.33746e-05	565.566
1.67471e-05	841.152
0.000102534	329.061
0.000101465	250.816
1.90142e-05	794.296
0.000215465	206.872
3.08038e-05	758.547
3.4342e-05	485.297
3.91518e-05	551.923
6.18644e-05	501.268
7.33882e-07	172.496
7.59343e-05	302.258
2.80542e-05	452.314
0.000886611	102.695
5.91035e-05	360.946
5.80886e-06	170.841
3.84121e-05	464.558
6.40064e-05	359.342
9.86432e-05	228.422
5.43202e-05	313.51
4.21534e-07	147.973
2.0123e-05	592.63
7.01477e-05	528.188
1.50186e-05	846.99
5.73481e-05	662.5
1.77436e-05	802.763
1.03765e-05	905.668
3.64927e-05	570.459
2.33388e-05	224.384
2.05902e-05	541.7
0.000168991	297.069
0.000108737	249.212
8.99418e-05	357.123
2.27084e-05	685.682
2.89269e-05	534.89
3.54052e-05	653.294
7.79298e-05	527.846
0.000110375	100.653
8.09735e-06	198.647
9.82395e-05	282.949
2.42357e-05	612.52
5.49048e-05	512.099
1.71359e-05	823.74
9.65694e-05	267.575
1.20877e-05	782.875
5.58868e-05	348.41
1.90931e-05	683.603
0.000108089	227.13
4.36473e-05	470.169
9.49262e-05	285.048
0.00019974	440.682
0.000110687	270.288
6.18696e-05	297.937
3.20418e-05	563.081
1.1424e-05	824.351
4.25557e-05	529.692
4.48253e-05	502.269
1.60956e-05	930.192
2.42573e-05	878.168
3.39311e-05	586.98
4.5691e-05	448.856
2.98147e-05	563.426
2.37728e-05	916.165
2.66676e-05	789.858
2.77364e-05	739.894
3.12614e-05	794.742
2.78467e-05	469.765
1.86959e-05	685.63
0.00014656	327.329
2.45311e-05	662.542
1.4181e-05	766.654
1.24637e-05	126.235
3.90883e-05	401.854
7.02221e-05	530.162
1.15475e-05	872.127
4.89439e-05	343.521
0.00573201	98.0695
7.72508e-05	305.702
1.95552e-05	732.124
3.42063e-05	475.077
8.06557e-05	459.056
3.53163e-05	414.978
2.45804e-05	876.02
5.03433e-05	520.429
4.70384e-05	633.893
2.81989e-05	699.805
3.07942e-06	179.168
3.71548e-05	594.145
3.6858e-05	478.199
5.37805e-06	156.775
3.30738e-05	620.208
3.95538e-05	757.445
0.00470846	110.704
3.17806e-05	575.937
5.67848e-05	382.501
0.000157895	219.955
0.000153772	233.742
0.00105531	122.39
0.000111206	447.44
0.00130824	96.1412
0.000237736	90.7338
4.67022e-05	482.359
7.37574e-05	330.723
1.88588e-05	768.363
0.000126899	229.925
3.14285e-05	912.698
8.52401e-05	302.823
9.24117e-06	189.626
0.000571668	83.1757
4.13619e-05	463.229
2.94288e-05	723.96
1.86885e-05	698.421
2.0856e-05	499.203
4.60856e-05	684.905
0.000136669	271.113
0.000142935	299.704
1.88419e-05	747.78
1.22433e-05	144.77
2.80659e-05	474.877
3.3482e-05	703.29
1.79421e-05	650.304
0.000238528	145.17
3.46201e-05	722.969
7.51763e-05	291.322
3.34432e-05	473.903
1.68858e-05	624.941
2.31188e-05	586.119
2.3356e-05	540.589
0.000155301	195.924
1.24622e-05	919.385
2.88377e-05	515.218
1.53229e-05	829.496
8.28402e-06	185.582
2.85863e-05	763.969
2.75145e-05	767.678
3.3789e-05	472.812
2.85822e-05	413.136
4.43922e-05	407.521
8.9431e-05	90.8673
0.0132389	74.4294
1.32019e-05	942.015
5.0392e-05	292.002
3.99068e-05	374.65
6.89966e-06	227.481
2.30621e-06	165.42
7.1069e-06	147.605
2.24939e-05	638.509
1.58115e-05	893.835
0.000207645	204.456
3.59759e-05	425.799
0.000411662	135.147
5.95547e-05	397.985
0.000100176	251.627
1.38024e-05	852.684
6.70215e-05	587.654
1.87146e-05	621.595
1.5768e-05	662.47
7.80855e-05	819.551
1.70311e-05	745.529
6.80557e-05	261.4
0.000106235	200.241
2.46074e-05	648.756
1.82287e-05	792.479
4.12156e-05	925.81
1.51222e-05	718.306
2.17294e-05	647.047
1.64137e-05	894.2
2.66573e-05	223.973
1.25324e-05	840.804
3.70155e-05	475.714
3.95429e-05	574.101
4.22466e-05	727.883
2.07089e-05	769.068
1.83099e-05	188.692
0.00017744	405.07
1.92834e-05	858.245
2.43201e-05	513.012
5.81352e-05	568.067
1.75008e-05	705.323
1.28518e-05	944.558
1.96485e-05	617.634
1.51748e-05	806.469
4.00943e-05	718.853
9.07022e-07	147.039
5.15691e-05	350.774
4.66618e-05	408.513
2.29251e-05	749.958
2.40792e-05	730.804
8.07801e-05	339.408
0.000156311	158.544
1.47027e-05	759.986
6.3408e-05	409.373
2.77797e-05	552.774
1.68099e-05	791.934
4.99356e-07	148.379
5.29188e-05	377.813
4.0975e-05	537.879
2.52027e-05	630.981
1.86187e-05	858.855
2.42319e-05	595.187
5.70901e-05	358.724
1.43681e-05	144.189
0.00010149	480.303
6.52676e-05	513.392
5.71879e-05	472.691
3.3038e-05	124.734
1.56852e-05	686.517
3.30259e-05	448.47
2.9806e-05	570.686
1.66424e-05	673.065
2.86383e-05	882.254
2.37277e-05	775.117
2.26501e-05	655.997
7.45953e-05	261.413
1.43354e-05	728.657
2.74454e-05	768.03
0.000130462	150.903
4.19631e-05	438.442
0.000128084	214.808
2.08923e-05	768.561
4.15027e-05	351.268
2.75438e-05	731.995
0.000173635	150.43
0.00255793	98.6236
1.8312e-05	846.498
1.95333e-05	663.195
1.45403e-05	818.334
2.12222e-05	883.965
1.75506e-05	675.628
2.37608e-05	520.898
0.00622604	98.7351
4.41565e-05	155.046
1.98411e-05	717.2
1.82902e-05	745.104
7.28187e-05	287.301
6.65799e-05	269.479
3.68189e-05	848.926
1.72379e-05	761.581
2.04088e-05	693.091
0.000328611	272.454
3.05902e-05	573.222
2.62875e-05	482.296
2.29799e-05	902.539
2.10853e-05	643.489
7.85061e-05	502.554
0.000127904	196.958
1.45746e-05	845.414
1.44322e-05	812.762
2.51871e-05	769.721
5.74079e-05	393.659
6.71409e-05	364.839
1.63119e-05	807.029
1.27972e-05	909.959
3.20449e-05	637.388
3.01203e-05	605.296
1.65661e-05	721.134
5.18319e-05	386.133
1.10197e-05	865.589
2.16225e-05	645.827
0.000269242	182.685
0.000133019	198.727
1.83432e-05	851.994
3.24209e-05	485.711
8.58871e-05	375.419
1.65027e-05	740.127
0.000156758	181.954
0.00015123	178.14
3.75783e-05	445.723
1.90555e-05	885.703
1.73895e-05	711.731
1.50797e-06	188.524
1.71865e-05	692.21
3.09544e-05	814.559
4.17959e-07	128.877
7.18452e-05	821.104
2.35764e-05	565.835
2.15631e-05	580.632
2.04955e-05	628.323
9.67947e-05	259.737
4.31644e-05	408.134
1.51261e-05	786.745
1.72816e-05	767.208
1.84698e-05	822.852
0.00170013	115.503
5.67313e-05	455.244
1.33914e-05	856.433
2.54679e-05	747.252
0.000131998	352.568
2.12417e-06	178.389
3.7578e-05	663.031
2.03709e-05	871.18
1.85252e-05	577.196
3.54571e-05	756.245
4.95583e-05	379.843
1.14629e-05	921.845
3.52183e-05	411.359
1.54908e-05	145.795
2.10584e-05	700.353
1.09408e-05	942.334
0.00165954	106.453
1.43086e-05	753.829
2.14386e-05	518.322
2.32807e-05	721.972
1.09972e-06	166.207
2.41221e-05	748.026
2.70939e-05	910.876
3.94662e-05	357.751
2.88609e-05	600.597
1.90238e-05	864.02
2.2463e-05	727.636
1.22601e-05	828.508
1.37954e-05	846.611
1.10009e-05	872.653
3.8832e-05	383.743
3.699e-05	404.752
5.79371e-05	464.462
4.88836e-05	560.56
5.45984e-05	403.182
2.61301e-05	566.267
6.06138e-06	130.852
5.95243e-05	345.708
2.72504e-05	802.463
1.84084e-05	656.435
1.24502e-05	808.506
2.84237e-05	723.126
1.93572e-05	725.963
7.74932e-05	232.579
4.23715e-05	619.644
2.485e-05	524.281
2.99146e-05	800.736
8.97908e-05	326.347
0.000187141	163.926
5.19527e-05	463.016
3.88548e-05	386.015
7.46996e-05	752.331
2.9075e-05	619.953
6.00941e-05	431.589
3.22316e-05	912.583
0.000161237	272.258
6.17565e-05	228.76
0.000132393	199.17
1.54964e-05	899.843
1.33064e-05	830.214
2.05743e-05	920.769
2.54054e-05	736.649
3.45417e-05	520.891
8.90251e-05	273.088
2.65132e-05	200.798
4.11059e-05	240.254
0.000232334	255.823
2.03751e-05	786.012
1.46559e-05	831.466
0.000103491	280.975
2.01861e-06	168.492
4.63765e-05	468.89
1.71791e-05	641.138
2.88814e-05	842.923
2.80592e-05	704.389
7.53423e-05	624.375
6.67366e-05	446.632
5.26101e-05	939.436
4.01638e-05	379.319
7.98611e-05	665.602
1.66776e-05	671.779
5.53943e-05	369.091
3.31488e-05	548.505
7.08222e-05	300.348
1.3133e-05	896.109
3.94645e-05	873.919
2.63279e-05	489.853
1.35042e-05	891.797
1.32933e-05	885.507
0.00265196	82.1023
1.84809e-05	890.849
8.43316e-05	314.49
7.93839e-05	413.222
0.00153292	107.606
2.08039e-05	937.672
1.1559e-05	903.497
3.23024e-05	781.792
1.5366e-05	829.391
2.21473e-05	765.406
7.19984e-06	155.007
3.36274e-05	600.321
0.000153073	321.334
3.49938e-05	586.122
0.00010717	586.905
2.55992e-05	528.813
4.44154e-05	358.981
0.00017173	137.078
7.95428e-05	807.525
5.43119e-06	136.918
1.81295e-05	892.034
1.52738e-05	903.957
2.00451e-05	801.104
1.30302e-05	949.21
1.41567e-05	828.412
3.64407e-05	917.182
1.66416e-05	897.598
0.000166496	257.502
7.10427e-05	408.644
6.96667e-05	388.761
2.33952e-05	588.456
2.00554e-06	187.363
1.26964e-05	846.732
1.97557e-05	766.104
1.70149e-05	775.528
9.8943e-06	927.957
3.87852e-05	874.986
9.25625e-05	260.774
0.000294169	146.248
3.06042e-05	748.36
3.8145e-05	566.4
2.38333e-05	220.434
3.1834e-05	803.766
2.05076e-05	669.398
9.85698e-05	381.538
2.52738e-05	588.255
2.94628e-05	673.385
3.68388e-05	656.761
5.54162e-06	171.056
4.67142e-05	646.414
1.39398e-05	835.674
3.66733e-05	510.995
1.72035e-05	739.534
2.83276e-05	571.338
1.63143e-05	756.432
4.17986e-05	425.259
1.78275e-05	854.864
6.00871e-06	153.224
1.42489e-05	863.997
2.44982e-06	84.2649
6.99375e-05	382.862
1.63606e-05	773.814
5.28059e-05	517.871
4.88898e-05	614.047
3.88853e-05	397.989
0.000819948	99.0152
5.48835e-05	318.968
2.90965e-05	598.154
8.98807e-05	504.473
2.74222e-05	480.04
1.98405e-05	658.926
6.73331e-05	224.748
5.50664e-05	719.635
1.82454e-05	916.864
5.03854e-05	558.844
3.06403e-05	589.887
2.06489e-05	701.036
2.16267e-05	812.723
2.65153e-06	164.984
4.01524e-05	593.234
9.25955e-05	741.456
1.87455e-05	607.735
1.86078e-05	756.549
5.54476e-05	683.217
3.62245e-05	473.748
1.62948e-05	885.546
4.33149e-05	393.312
9.3653e-05	389.153
3.81458e-05	616.251
4.27058e-05	377.669
6.88074e-05	450.199
4.31572e-06	183.917
0.000496263	104.259
6.99232e-05	333.301
4.05909e-05	541.697
0.000114662	206.401
2.12549e-05	742.84
0.00025562	158.779
7.70006e-05	383.802
0.00013694	289.452
1.25866e-05	789.803
6.19164e-05	298.334
2.97131e-05	709.272
3.21726e-05	405.706
0.000134407	298.467
0.00014885	347.334
1.75356e-05	895.463
0.000103489	298.284
0.000199566	213.104
0.0220276	97.7289
2.81749e-05	565.019
7.08902e-05	282.444
2.43726e-05	499.875
1.5602e-05	926.712
3.65388e-05	390.708
1.83802e-05	816.392
2.41627e-05	531.01
0.000106562	104.495
0.00173276	75.0741
7.51925e-05	285.514
0.000109499	306.558
6.09119e-05	111.463
3.08259e-05	466.99
0.000600629	129.849
3.01092e-05	512.597
3.41447e-05	201.297
0.000150929	79.9119
5.16567e-05	538.475
0.000168158	166.062
2.98975e-05	507.389
2.01063e-05	927.884
2.40189e-05	636.177
0.00228695	96.982
0.000514564	243.502
5.09991e-05	449.3
9.45909e-05	276.766
4.55161e-05	587.801
2.11346e-05	798.034
7.00792e-05	331.264
0.000109675	207.64
1.27334e-05	850.891
8.04325e-05	458.494
0.000108633	231.037
1.68299e-05	758.125
6.32934e-05	511.894
0.000134319	378.968
2.44939e-05	624.63
1.37404e-05	926.273
0.00012661	268.387
2.95242e-05	761.673
7.2838e-05	341.673
2.73493e-05	860.564
4.12524e-05	370.6
2.09124e-05	701.655
1.13226e-05	899.231
0.000107737	274.807
1.4825e-05	787.744
1.5158e-05	122.272
3.33612e-05	429.749
1.85044e-05	707.748
1.23576e-06	145.914
3.33333e-05	858.99
1.97702e-05	681.722
4.66817e-05	653.822
5.77557e-05	494.063
3.97834e-05	783.653
1.67516e-05	907.191
1.41147e-05	804.049
3.63511e-05	878.005
1.18049e-05	849.125
0.000440829	94.8172
7.7652e-05	125.023
1.93392e-05	604.15
1.88696e-06	168.531
2.61268e-05	712.469
1.47454e-05	783.289
4.82094e-05	641.473
3.19248e-05	498.236
2.67748e-05	688.118
3.30711e-05	753.325
1.85479e-05	661.149
0.000149671	317.606
0.000153749	173.42
1.33599e-05	908.907
5.27786e-05	879.61
3.52926e-05	616.452
2.97267e-05	726.575
1.98636e-05	696.094
2.32119e-05	730.196
1.16316e-05	879.916
0.000167391	292.805
1.63719e-05	896.43
2.5556e-05	666.125
2.38345e-05	780.4
0.000924796	98.066
1.03929e-06	185.443
2.85164e-05	534.385
1.14153e-05	920.609
1.36896e-05	763.15
1.25374e-05	790.917
6.83794e-05	340.653
3.95489e-05	485.042
9.28135e-05	360.932
1.99369e-05	560.273
7.3193e-05	342.973
5.16456e-05	305.848
1.4127e-05	913.383
2.17159e-05	889.696
1.55718e-05	932.413
4.14696e-05	452.736
2.97797e-05	525.388
1.31216e-05	885.436
2.46074e-05	729.646
0.000435128	155.199
2.78263e-05	548.734
3.31307e-05	821.133
1.69126e-05	775.238
1.67276e-05	931.927
5.22767e-05	318.918
1.4582e-05	717.537
2.22725e-05	924.774
3.11209e-05	552.832
2.54293e-05	926.885
4.1189e-05	404.537
0.000136045	421.952
1.45726e-05	855.819
3.23299e-05	533.299
8.43064e-05	292.543
0.0134809	71.8994
7.37066e-05	398.935
2.36078e-05	903.009
6.68718e-05	276.954
2.39059e-05	785.548
4.42571e-05	436.705
9.6982e-05	224.573
1.87025e-05	889.478
3.80132e-05	517.566
2.61389e-05	511.724
0.000106471	198.049
6.97006e-05	254.544
3.18138e-05	569.865
2.35985e-05	690.243
1.14154e-05	200.181
0.000208402	286.034
3.35229e-05	515.485
1.43895e-05	824.509
1.70525e-05	737.161
0.000133429	243.289
2.95317e-05	458.686
6.12242e-05	453.719
1.56094e-05	824.198
0.000402368	126.006
4.12456e-05	455.622
4.31818e-05	411.151
9.61697e-05	246.571
1.41849e-05	760.76
1.09381e-05	941.884
1.5603e-05	828.609
3.52379e-05	435.01
1.72423e-05	796.851
4.59684e-05	397.659
8.6112e-05	357.472
1.55681e-05	702.901
8.71505e-05	254.498
0.000138504	196.122
7.90357e-05	495.519
6.93986e-05	272.678
2.33592e-05	782.973
0.0004561	120.512
2.53511e-05	552.769
5.08129e-06	169.941
6.31055e-05	322.484
2.88691e-05	866.088
9.06931e-05	641.824
5.74534e-05	652.712
2.6284e-05	515.997
0.000110602	254.293
2.95071e-05	467.263
1.67071e-05	929.09
2.12133e-05	591.645
1.25557e-05	774.522
6.91975e-05	500.783
5.55221e-05	336.757
2.41419e-05	829.914
8.63176e-05	252.521
1.82894e-05	631.175
7.62444e-05	279.915
3.37244e-05	490.713
6.00293e-05	339.21
1.43187e-05	902.417
1.95577e-05	907.419
8.40687e-05	254.003
1.23554e-05	906.541
2.65718e-05	580.442
3.85454e-05	681.016
0.000113715	411.547
3.41586e-05	615.483
3.93582e-05	646.711
1.64272e-05	925.89
2.39181e-06	153.469
5.72334e-05	424.325
5.72753e-05	429.211
6.45071e-05	344.077
2.25086e-05	801.033
3.9091e-05	396.634
6.53186e-06	66.978
2.64775e-05	745.207
7.50844e-05	253.091
9.42016e-05	394.797
1.53815e-05	677.196
8.21612e-06	197.99
1.90461e-05	609.868
4.32163e-05	546.708
1.32628e-05	837.291
4.97892e-05	395.2
4.76587e-05	385.227
2.36538e-05	831.205
7.44026e-05	265.138
0.000579262	101.994
6.5375e-05	659.99
4.1359e-05	485.337
6.63291e-06	200.113
2.90271e-05	596.76
7.22471e-05	619.786
2.22966e-05	597.558
0.00048517	175.691
0.000666621	94.385
1.96503e-05	863.65
2.31054e-05	877.013
2.43604e-05	932.197
0.000137334	207.833
1.44724e-05	743.873
7.88518e-06	137.704
0.000258495	127.375
3.96857e-05	382.244
2.42309e-05	509.104
0.000113947	193.126
3.32726e-05	675.388
6.04627e-05	512.963
1.97402e-05	788.929
2.08281e-05	594.944
0.000399112	119.439
3.80227e-05	496.819
3.87941e-05	722.256
7.31268e-05	263.535
4.82669e-05	634.902
2.88115e-05	652.101
1.53517e-05	915.678
1.62327e-05	817.385
1.01242e-05	918.792
1.78276e-05	930.418
4.8965e-05	438.121
2.10118e-05	801.696
5.62472e-05	358.435
0.000140567	221.656
1.38212e-05	832.033
1.93887e-05	822.304
2.45859e-05	612.738
0.0013652	101.725
3.57875e-05	239.109
5.58312e-05	530.756
2.26749e-05	616.074
2.90037e-05	925.042
1.37842e-05	799.008
4.01388e-05	771.256
0.00725685	71.4792
2.67638e-05	557.162
0.000354501	198.726
0.000322233	101.277
3.20965e-05	826.922
3.06154e-05	480.529
1.05365e-05	210.025
3.28727e-05	431.408
7.09827e-05	515.486
5.50382e-05	447.199
3.5471e-05	773.08
2.85841e-05	704.226
7.36007e-05	268.96
7.37501e-05	383.167
3.22224e-05	486.971
3.93752e-05	444.86
2.94369e-05	740.295
0.000165722	191.946
0.00025166	192.807
2.78068e-05	475.131
1.40237e-05	825.136
0.000211627	223.244
4.13523e-05	580.212
2.07765e-05	797.309
1.94462e-05	147.885
6.32174e-05	322.951
1.01823e-05	925.186
0.000175232	186.163
9.7084e-05	320.804
2.72664e-05	801.005
2.18067e-05	724.876
2.05144e-05	643.712
2.93233e-05	642.723
4.43469e-05	748.165
2.64699e-05	767.456
6.4423e-05	506.234
7.21847e-05	347.165
0.000840524	121.461
2.65792e-05	543.497
1.32256e-05	843.612
0.00021175	304.797
1.25998e-05	855.068
5.44336e-05	296.983
0.000149287	222.033
4.80972e-05	557.725
0.000108528	258.916
0.000220951	180.234
3.05812e-05	640.613
0.000149781	87.4499
2.05201e-05	869.273
2.06777e-05	623.383
8.16141e-05	287.798
1.88192e-05	634.232
7.34114e-05	412.652
6.28177e-05	256.15
3.00795e-05	598.891
0.000174644	246.658
1.20329e-06	149.496
2.01406e-05	619.331
3.54475e-05	497.814
2.59792e-05	526.967
1.83814e-06	177.683
0.000121527	311.045
4.22204e-05	587.137
0.000644656	71.5163
1.88145e-06	161.696
3.95454e-05	911.355
1.35459e-05	756.105
1.76819e-05	732.994
2.18489e-05	638.956
0.000102015	304.017
6.71753e-07	156.295
8.78724e-05	367.966
3.10129e-05	678.753
0.000703017	83.2124
6.61599e-05	307.719
3.06028e-05	648.467
2.27778e-05	851.485
2.97142e-05	635.363
3.56264e-06	179.517
2.38383e-05	745.453
1.30925e-05	843.924
3.53241e-05	500.67
7.81546e-05	372.028
5.60694e-05	553.776
1.7501e-05	799.547
3.49319e-05	621.976
9.34039e-05	658.576
6.85232e-05	124.295
7.64113e-05	347.125
4.29235e-07	159.764
1.11613e-05	844.382
2.7147e-05	697.007
2.00221e-05	725.786
9.25719e-05	411.311
6.61093e-05	373.696
1.40105e-05	870.928
6.1955e-05	282.364
1.68191e-05	673.092
5.44262e-06	207.243
1.3107e-05	938.589
2.84031e-05	456.848
7.14721e-05	591.753
2.46868e-05	816.346
0.00468329	83.22
2.59859e-05	803.948
7.88755e-05	82.8066
2.06308e-05	201.696
4.42905e-05	719.168
4.59385e-05	734.364
6.43696e-05	483.521
2.50145e-05	715.555
9.06975e-05	387.22
4.48103e-05	904.396
1.78645e-05	780.39
2.98129e-05	519.181
2.74773e-05	711.184
8.60651e-05	298.33
2.9567e-05	176.755
1.32355e-05	883.52
1.44941e-05	915.308
4.23185e-05	497.905
1.64914e-06	188.649
0.00353263	105.383
0.00328014	68.605
3.65299e-05	709.002
1.50534e-05	941.539
3.33932e-05	748.703
1.55122e-05	822.172
2.3543e-05	765.284
1.20948e-06	183.893
3.10029e-05	507.779
7.606e-05	266.264
3.68471e-07	157.821
3.99178e-05	406.897
4.97178e-05	467.709
5.22727e-05	584.643
3.94274e-06	135.439
9.04372e-05	376.083
0.000109374	284.652
4.65283e-05	547.429
0.000231705	178.261
6.44373e-05	302.443
2.34646e-05	700.248
8.32942e-07	161.887
1.81144e-05	727.421
2.39346e-05	767.067
4.82843e-05	367.374
1.57215e-05	826.736
0.00616733	80.0207
1.43978e-05	769.43
0.00232354	101.071
4.90841e-05	596.5
4.86374e-05	668.014
2.34051e-05	212.866
0.000106802	254.216
0.0261478	88.0681
1.14661e-06	182.245
0.00020978	207.987
1.62338e-05	905.381
3.09644e-06	198.66
4.14795e-05	401.296
2.55871e-05	660.303
2.22172e-05	795.402
1.9887e-05	929.834
3.30438e-05	462.431
3.75546e-05	585.281
1.73983e-06	174.96
0.000140567	335.587
9.54774e-05	270.707
4.12172e-05	545.463
2.5906e-05	479.808
3.77719e-05	472.32
7.57272e-05	394.319
4.42951e-05	598.301
0.00360046	110.869
0.000120341	227.015
3.83581e-05	417.926
5.4924e-05	417.899
3.0091e-05	120.02
2.7708e-05	916.64
0.000170856	295.644
2.04211e-05	647.412
8.42547e-05	281.29
3.12821e-05	140.593
2.67263e-05	645.109
2.44453e-05	712.485
1.2934e-05	237.135
0.000486382	135.84
7.86272e-05	283.163
1.49928e-05	939.255
0.00258755	87.3613
0.00109582	127.28
3.82897e-05	529.524
6.80271e-05	264.564
6.35921e-05	320.628
2.99311e-05	463.094
5.61062e-05	357.081
3.44547e-05	497.402
1.87024e-05	896.243
5.37659e-05	392
4.11345e-05	578.724
1.75023e-05	730.923
1.81278e-05	842.805
2.68695e-05	718.072
0.000325947	77.8011
0.000112282	212.774
2.33592e-05	930.504
1.44656e-05	806.751
4.07098e-06	166.229
2.9736e-05	869.819
0.000157032	112.217
1.42146e-05	812.282
2.62072e-05	535.802
2.36095e-05	843.99
6.45237e-05	89.5012
9.72763e-05	255.855
3.69688e-05	583.203
0.000130711	261.304
0.000151722	207.592
8.42728e-05	234.604
4.27335e-05	428.094
1.48965e-05	908.31
3.82859e-05	789.411
4.98361e-05	493.127
1.8791e-05	256.661
6.25075e-05	382.019
3.94116e-05	403.909
3.13597e-05	470.422
3.25859e-05	839.186
0.000113624	272.275
0.000124366	406.871
6.73633e-05	183.2
0.000561246	115.523
3.08014e-05	445.132
0.0137237	99.3746
4.41498e-05	874.226
9.47311e-05	316.104
2.82294e-05	573.907
2.90224e-05	652.275
1.27577e-05	921.926
2.04806e-05	234.439
2.58746e-05	475.629
6.1394e-05	460.074
0.000156501	208.401
5.0927e-06	214.668
3.328e-05	170.756
2.65968e-05	677.398
6.28424e-05	324.47
1.45873e-05	930.703
7.65654e-05	280.921
2.27649e-05	633.879
0.000935132	91.5245
2.83335e-05	168.654
2.48382e-05	662.587
3.87696e-05	631.845
2.33876e-05	864.279
2.6249e-05	593.16
5.12187e-05	676.24
2.61056e-05	552.139
5.0844e-05	338.222
7.70604e-05	325.589
2.90468e-05	181.885
2.87442e-05	546.08
4.60884e-07	148.978
2.63694e-05	587.073
0.000681139	97.6907
4.62064e-06	152.625
6.51935e-05	330.878
3.07259e-05	661.356
4.19573e-05	699.205
2.03867e-05	850.599
2.46332e-05	549.973
2.97471e-05	472.998
1.85884e-05	915.653
4.63967e-05	613.383
8.30123e-05	420.947
0.000126391	258.096
5.38127e-05	326.305
0.000435884	100.167
0.000159463	481.126
0.000196147	170.818
7.56643e-05	272.978
2.8909e-05	700.742
3.79621e-05	394.639
6.32806e-05	332.624
5.23669e-05	433.823
0.000170582	271.099
0.000120535	262.812
1.81523e-05	920.316
0.000151374	182.412
7.59187e-05	349.615
0.000105658	237.677
0.000179548	335.826
9.01278e-05	293.211
6.99102e-05	330.435
1.3993e-05	814.364
7.94744e-05	396.698
1.46293e-05	898.886
8.19388e-07	168.853
5.42207e-05	368.365
4.37611e-05	376.292
7.32122e-05	323.921
2.79186e-05	504.741
2.81441e-05	560.705
9.89272e-05	319.529
2.07299e-05	895.774
1.21683e-05	836.529
3.65284e-05	454.719
1.68239e-05	739.619
0.000194259	166.484
0.000242342	318.387
2.45323e-05	527.04
3.72628e-05	372.548
3.62619e-06	171.764
1.09181e-05	868.612
5.98772e-05	345.568
2.85228e-05	632.89
1.97238e-05	912.799
0.000116397	431.824
1.40678e-05	844.778
3.88527e-05	410.478
5.00579e-05	550.424
1.82422e-05	791.519
0.000229271	184.505
0.000683125	94.1473
5.2985e-07	148.189
0.000404714	174.506
4.05122e-05	351.987
5.6404e-05	375.966
4.59935e-05	665.547
3.47207e-05	445.678
6.44879e-05	540.539
1.87228e-05	890.609
3.01912e-05	510.992
5.76112e-05	444.082
1.91359e-05	838.499
1.48152e-05	816.15
4.85122e-05	246.083
3.62692e-05	530.327
5.2677e-05	385.15
3.43322e-05	428.394
2.62588e-05	665.351
2.14229e-05	694.284
0.000125692	215.528
1.41432e-05	892.43
3.54271e-05	539.809
0.000525091	155.354
3.19745e-05	694.408
0.000101552	330.77
1.90541e-05	594.031
4.0778e-05	350.419
0.000278129	125.89
7.35079e-05	334.983
3.65753e-05	240.216
0.00907488	66.8343
1.09725e-05	936.482
1.61722e-05	708.723
4.90786e-05	381.841
2.35345e-05	597.533
0.000119322	382.086
5.59992e-05	376.655
6.6348e-05	558.7
4.30905e-05	624.651
2.90919e-05	870.759
5.32894e-07	143.093
2.92048e-05	732.168
5.69408e-05	574.873
7.50408e-05	338.926
5.11204e-05	740.32
0.000376507	166.77
2.22785e-05	632.597
2.40288e-05	564.61
1.23163e-05	937.198
1.58366e-05	857.184
1.85424e-05	929.266
0.000173209	249.318
4.02241e-05	266.544
5.16117e-05	713.386
0.000366191	152.065
2.5692e-05	588.359
0.000127859	235.981
2.79007e-05	833.006
7.07407e-05	372.418
0.00034482	95.5511
1.75413e-05	786.036
1.85091e-05	670.515
1.45016e-05	875.113
1.25844e-05	787.257
3.33361e-05	508.931
3.76972e-05	733.377
6.95849e-06	165.823
4.67371e-05	409.483
5.96559e-05	295.771
0.00030437	99.917
0.000597129	104.665
2.2619e-05	649.737
1.58665e-05	818.011
9.9275e-05	323.635
2.10173e-05	615.982
1.21032e-05	886.051
8.03503e-05	305.206
1.93796e-05	589.922
3.0548e-06	73.1386
7.76781e-05	308.812
5.68209e-05	510.655
9.69924e-05	276.844
3.88294e-05	481.873
7.16566e-05	460.088
0.000949295	101.136
6.47446e-05	310.525
2.57024e-05	768.631
2.09804e-05	663.304
4.99574e-05	343.914
9.44861e-05	282.899
2.86446e-05	491.467
5.63141e-05	435.651
3.84511e-05	462.63
1.20503e-05	911.077
3.1712e-05	606.548
3.78981e-05	901.876
0.000113259	482.273
1.92888e-05	628.145
5.40039e-05	467.266
2.21696e-05	655.168
5.68203e-05	434.521
1.94275e-05	837.478
3.14619e-05	626.62
1.21818e-05	876.287
5.53933e-05	336.354
7.40246e-05	282.367
3.01135e-06	135.237
0.000296136	166.222
2.07033e-05	586.894
1.87723e-05	710.734
3.42854e-05	849.088
3.19636e-05	524.473
5.12089e-05	394.321
2.70609e-05	474.737
5.47097e-05	577.84
1.16748e-05	858.844
2.68763e-05	557.595
2.84525e-05	459.789
3.05133e-06	202.933
3.99472e-05	431.903
3.96764e-05	647.567
6.0766e-05	520.433
2.05801e-05	944.187
1.19812e-05	908.586
3.85001e-05	458.974
7.61483e-05	461.863
7.72708e-05	318.143
2.32453e-05	847.535
0.00043833	110.202
1.9724e-05	259.131
3.9494e-05	611.789
0.000145885	347.237
0.000895476	83.6566
2.91841e-05	119.693
1.18236e-05	901.722
2.126e-05	684.771
1.2417e-05	911.231
0.000191552	288.452
7.54579e-05	283.593
3.45029e-05	583.102
1.82561e-05	840.695
5.37762e-05	406.439
4.72376e-05	555.306
9.1965e-07	125.35
0.000311172	112.353
0.000160774	285.064
6.70079e-07	173.864
5.39692e-05	417.455
0.000102296	303.476
1.93854e-05	678.21
0.000594834	125.977
2.49821e-05	651.632
1.63588e-05	692
3.23497e-05	769.728
1.28967e-05	895.69
4.85376e-06	222.915
8.68205e-05	301.848
2.29902e-05	555.313
2.62858e-05	697.51
3.64008e-05	733.727
7.90023e-05	319.442
0.000100789	261.596
0.00022431	136.838
2.82387e-05	773.37
0.000285923	268.233
3.10499e-05	636.701
1.68495e-05	801.418
0.000423452	114.755
1.39659e-06	165.281
0.000993723	85.7724
2.57101e-05	472.933
5.8436e-05	314.051
6.80119e-05	541.052
7.02344e-07	163.365
4.71603e-05	590.811
4.81392e-05	705.657
1.67794e-05	671.087
6.13299e-05	383.388
3.62426e-05	472.958
4.60055e-05	541.094
0.000140113	191.345
1.87192e-05	616.463
1.06106e-05	948.52
7.12542e-05	305.977
8.18372e-05	255.832
1.89122e-05	602.385
2.30463e-05	634.522
3.10052e-05	530.197
1.73806e-05	936.248
2.00133e-05	677.351
3.44693e-05	617.952
2.01048e-05	602.874
9.29761e-05	315.397
4.18287e-05	882.691
6.32036e-05	480.561
5.38513e-05	718.308
8.49458e-05	608.711
0.000249995	198.918
1.64567e-05	836.351
8.89835e-05	254.746
1.3496e-05	792.726
8.02211e-05	369.811
2.32679e-06	183.642
1.11573e-05	930.883
3.43521e-05	558.151
3.65113e-05	714.926
2.13211e-05	533.552
5.49101e-05	292.477
1.90364e-05	618.049
3.60359e-05	548.124
2.97609e-05	564.979
1.34845e-05	925.677
0.000118016	299.128
3.80717e-05	478.865
3.99203e-05	390.72
5.22559e-05	600.432
1.88087e-05	913.749
1.47455e-05	703.971
1.8662e-05	703.334
1.54391e-05	841.829
2.30337e-05	826.429
1.82121e-05	686.933
4.69256e-05	605.348
7.29147e-05	265.322
3.24209e-05	624.69
3.38007e-05	550.641
2.05226e-05	947.877
5.55645e-05	343.631
1.84596e-05	804.402
1.41107e-05	817.121
1.80755e-05	721.652
0.000126148	340.589
4.99936e-05	414.474
3.49278e-05	662.469
1.69806e-05	882.576
0.000171786	258.309
1.99875e-05	706.109
7.32789e-05	390.928
7.82219e-05	279.374
5.0024e-05	435.555
0.000114573	429.16
0.000114566	215.136
1.72441e-05	681.875
4.7647e-05	375.015
5.87634e-05	306.314
1.72304e-05	721.481
1.57526e-05	933.969
0.000456417	116.299
9.30005e-05	346.251
6.79912e-05	341.44
0.000191404	380.156
2.15854e-05	917.298
3.63872e-05	853.486
6.16352e-05	543.373
0.000849904	117.693
2.10247e-05	654.614
7.13604e-05	308.001
4.97609e-05	693.96
8.58211e-05	359.656
2.75042e-05	634.551
2.19576e-05	671.581
2.43544e-05	693.869
4.28074e-05	354.004
1.99307e-05	599.533
0.000173291	220.663
7.26169e-05	713.247
2.14964e-05	925.139
6.16506e-05	330.19
2.05761e-05	555.505
3.07634e-05	673.829
2.72228e-05	804.767
1.32407e-05	901.67
5.55662e-05	538.022
2.10876e-05	655.224
1.26328e-05	822.261
4.65814e-05	463.756
1.22597e-05	875.68
7.70583e-05	304.507
1.43522e-05	84.4277
5.01323e-05	390.38
4.80148e-05	77.2323
1.78106e-05	784.896
5.64572e-05	576.236
2.24998e-05	698.667
1.93378e-05	674.3
1.36369e-05	852.734
2.26948e-05	662.359
7.15213e-05	281.611
3.47652e-05	578.616
2.83718e-05	595.634
4.53288e-05	688.831
1.87551e-05	873.063
3.0273e-05	882.057
0.000213964	177.081
0.000147798	247.352
3.98825e-05	903.626
4.90758e-05	440.501
0.0182205	72.6178
2.13528e-05	901.104
7.66853e-05	461.906
1.53696e-05	889.588
0.00277522	100.331
5.3555e-05	576.008
6.36892e-05	320.528
3.01528e-05	643.946
4.82409e-05	539.885
5.08806e-05	390.717
0.00124153	98.9314
3.40732e-05	656.112
1.24472e-05	943.069
1.33806e-05	820.541
3.42502e-05	857.401
1.24501e-05	945.992
1.15927e-05	911.015
3.55309e-05	795.476
2.54765e-05	650.358
1.83157e-05	614.247
6.84656e-05	288.752
1.40946e-05	846.918
0.000118039	268.406
2.78187e-05	503.489
6.34634e-07	170.665
0.000110727	84.9146
2.5196e-06	137.908
2.17337e-05	707.525
1.26413e-05	806.339
2.09679e-05	633.438
7.13588e-05	770.915
4.84537e-05	542.426
2.58268e-05	659.115
2.93675e-05	581.18
4.18973e-05	404.459
0.000105392	393.562
3.71671e-05	844.549
2.42312e-05	812.574
4.89703e-05	422.233
3.29226e-05	699.641
3.35579e-05	691.401
8.00589e-05	140.865
2.64716e-05	451.56
9.73439e-05	314.676
9.07872e-05	309.692
0.000167075	180.262
2.36675e-05	855.855
1.43904e-05	907.59
3.14512e-05	449.862
5.7859e-05	442.303
0.000121799	298.797
3.85777e-05	646.756
6.06117e-05	420.514
2.12912e-05	635.926
1.21663e-05	929.288
0.000171752	196.803
2.47348e-05	668.772
1.37858e-05	744.123
2.15254e-05	709.809
1.58796e-05	734.918
3.33231e-05	456.716
5.49613e-05	812.062
1.38767e-05	853.663
1.16209e-05	938.564
6.90399e-05	311.126
6.978e-05	687.866
3.01309e-05	504.129
1.08594e-06	176.972
3.5969e-05	880.057
0.000184891	239.457
0.000137678	236.573
3.5856e-05	555.074
0.000262191	206.222
1.79961e-05	813.65
0.00380109	96.6305
2.48631e-05	552.076
2.30715e-05	743.55
2.99385e-05	209.324
4.43937e-06	123.22
9.20497e-05	263.478
4.37636e-05	339.86
0.000119089	231.544
3.45753e-05	658.417
3.57744e-05	514.17
3.6626e-05	602.055
3.12977e-05	451.584
1.95463e-05	886.163
5.15906e-05	457.874
1.98979e-05	929.609
5.39174e-05	733.176
1.86192e-05	645.382
4.69773e-05	746.378
9.67014e-05	267.814
3.5227e-05	440.669
0.000123177	92.5171
1.69114e-05	140.933
6.75101e-05	524.888
1.81421e-05	698.525
1.15622e-05	915.483
4.28485e-05	234.23
3.42867e-05	708.508
2.67719e-05	507.63
3.29661e-05	670.523
4.64276e-05	627.269
9.162e-06	223.2
4.23505e-05	532.479
6.10509e-05	387.269
7.32199e-05	258.76
2.39818e-05	595.979
2.58883e-05	613.771
6.145e-05	335.462
2.17173e-05	742.256
2.78022e-05	563.903
2.46141e-05	746.793
0.000176777	205.378
1.66352e-05	857.794
1.81199e-05	871.943
2.6361e-05	579.189
6.44741e-05	281.696
1.20081e-05	911.364
6.83439e-05	279.759
2.21083e-05	849.63
6.59316e-05	275.263
1.65315e-05	936.765
9.61781e-05	345.663
1.07849e-05	236.565
4.95456e-05	389.488
3.52392e-05	486.451
2.88298e-05	457.014
5.46941e-05	560.824
1.43882e-05	868.945
1.35733e-05	838.707
3.16248e-05	798.633
6.44424e-06	125.058
0.000274958	400.05
2.92467e-05	553.736
3.27114e-05	448.592
3.36557e-05	606.355
1.8996e-05	624.533
1.81232e-05	895.166
1.61137e-05	801.35
1.13617e-05	943.643
9.75907e-06	200.841
3.96469e-05	504.087
1.57356e-05	909.949
1.84635e-05	812.344
2.15397e-05	768.401
0.000215015	83.1652
3.72828e-05	186.014
2.70971e-05	677.713
1.91098e-05	686.965
0.000142773	316.364
3.71195e-05	490.192
6.43876e-05	310.483
1.24218e-05	834.735
5.21086e-05	488.845
3.0689e-05	487.6
4.77666e-05	348.51
1.42975e-05	853.186
3.74831e-05	532.346
2.05181e-05	785.109
1.33532e-05	835.631
8.39044e-06	236.285
4.87744e-05	247.708
7.59478e-07	167.98
5.10363e-05	386.793
0.000141057	97.9662
2.77093e-05	777.161
9.4079e-05	349.994
5.44292e-05	360.84
6.77469e-05	374.492
3.17803e-05	467.453
1.09091e-05	857.489
1.42037e-05	700.689
0.000162075	261.223
1.50054e-05	795.544
1.36962e-05	944.319
6.58665e-05	492.312
0.000110463	260.718
4.14208e-05	543.996
0.000121693	190.5
3.89372e-05	573.757
2.13508e-05	706.251
4.55326e-06	184.008
4.45765e-05	415.472
2.79764e-05	525.466
1.32633e-06	171.73
2.5023e-05	907.102
4.09956e-05	663.573
4.92864e-07	127.348
3.77505e-05	260.329
0.000133888	368.429
3.14069e-05	450.23
2.18623e-05	935.298
3.61731e-06	162.583
7.09457e-05	274.008
1.17597e-05	892.803
3.36349e-05	458.893
0.000321905	163.192
0.00186304	73.8402
7.5161e-05	314.479
8.0149e-05	347.901
1.90924e-05	657.436
1.47625e-05	742.054
0.000465045	134.141
2.40645e-05	518.659
0.000158845	278.495
5.62977e-05	547.523
2.48501e-05	702.364
4.07461e-05	631.086
4.10215e-05	382.568
2.17645e-05	862.896
8.2631e-05	453.557
1.56429e-05	717.605
0.00022598	171.167
3.06207e-05	763.102
2.58583e-05	505.156
1.43833e-05	698.165
7.01083e-05	353.199
0.000104472	295.521
8.52166e-05	433.588
3.85892e-05	506.597
0.000138215	537.647
0.00244895	85.1236
1.0611e-05	946.909
5.66822e-05	360.223
2.14431e-05	765.507
2.56615e-05	945.932
2.26406e-05	603.691
6.19311e-05	339.547
2.07736e-05	566.92
7.87576e-05	431.438
9.0295e-05	294.508
5.40205e-05	423.009
0.000161765	270.157
2.98197e-05	595.888
1.92511e-05	940.093
1.37189e-05	883.165
3.73294e-05	399.116
5.54847e-05	539.797
3.92611e-05	517.575
5.62593e-05	380.664
7.22843e-05	512.964
2.86165e-05	730.883
3.32515e-05	680.963
6.09534e-06	121.088
3.11562e-05	665.748
4.97912e-05	595.398
1.49991e-05	934.698
3.16383e-05	794.301
1.52718e-05	784.475
1.56607e-05	890.603
1.96236e-05	202.187
2.48761e-05	923.899
0.000161965	331.627
6.78852e-05	336.034
0.000186648	187.666
2.38818e-05	845.42
1.78838e-05	634.156
5.63113e-05	612.759
4.21111e-05	493.608
7.53642e-05	355.004
0.000296849	103.296
1.92629e-05	678.336
2.51086e-05	571.994
2.49374e-05	702.59
2.15773e-05	559.054
4.44136e-05	517.938
1.19755e-05	833.908
7.56839e-05	406.824
6.97678e-05	378.788
2.11834e-05	784.162
0.000660087	133.58
1.15848e-05	876.566
3.04589e-05	446.25
2.96112e-05	581.866
3.39672e-05	621.594
0.00072703	93.6524
7.89073e-07	143.818
2.56222e-05	792.492
1.76344e-05	622.939
2.11839e-05	636.957
3.23326e-05	837.335
1.19359e-05	942.411
2.79222e-05	876.262
4.11265e-05	823.701
1.67303e-05	675.282
2.01762e-05	776.012
2.97629e-05	575.776
2.47585e-05	898.389
1.29975e-05	789.731
7.10967e-05	291.128
5.43385e-05	390.837
0.000190768	161.925
1.45525e-05	862.346
4.16239e-05	512.583
1.74326e-05	120.603
1.75105e-05	688.95
1.5449e-05	729.171
1.73097e-05	765.905
3.0746e-05	513.258
1.79709e-05	739.038
3.72464e-05	379.739
2.24362e-05	599.076
5.07968e-05	252.881
2.27045e-05	628.589
2.00497e-05	631.908
2.03816e-05	838.504
2.18756e-05	255.828
3.55907e-05	443.137
4.64652e-05	372.452
1.2353e-05	874.781
3.55158e-05	613.16
1.24469e-05	874.962
3.8706e-05	449.779
3.35444e-05	759.628
5.01772e-05	700.592
0.000371782	110.636
0.000194573	236.92
0.000303715	111.221
1.53612e-05	706.437
0.000111253	322.009
5.43673e-05	192.151
4.27889e-05	479.255
2.3224e-05	693.216
0.000394091	97.2243
6.7006e-05	525.886
1.90117e-06	159.894
5.09722e-05	532.839
1.79516e-05	797.608
0.000173383	226.1
0.000123438	272.026
0.000294419	310.531
2.15474e-05	661.227
5.50644e-05	330.721
2.29616e-05	705.422
1.79847e-05	727.766
2.33254e-05	708.899
1.8093e-05	946.358
9.73153e-05	259.095
2.80928e-05	727.455
4.27179e-05	440
8.52512e-05	165.348
3.61206e-05	407.028
5.13466e-05	481.665
9.747e-05	357.884
1.35723e-05	848.934
1.35558e-05	933.986
1.48978e-05	830.425
5.15513e-05	367.494
3.25842e-05	577.481
1.49497e-05	825.395
1.23407e-05	834.454
2.6444e-05	579.851
9.48498e-06	215.707
1.50685e-05	883.56
4.65787e-05	769.902
0.000157605	376.345
1.05084e-05	901.526
3.29813e-05	162.299
0.000155376	244.454
7.43978e-05	345.132
2.1871e-05	763.909
4.97497e-05	314.202
2.27751e-05	800.994
1.20845e-05	889.343
1.52638e-05	880.902
4.427e-05	827.533
2.50328e-05	598.881
2.12109e-05	578.335
3.94998e-05	700.705
2.32216e-05	601.974
1.16292e-05	874.711
3.15656e-05	814.767
7.55292e-05	297.796
3.14272e-05	784.42
3.2646e-05	574.815
4.9659e-05	404.683
7.45613e-05	254.504
2.89568e-06	124.177
3.10072e-05	713.085
2.18775e-05	177.419
8.72659e-05	348.682
5.16942e-05	469.665
1.96818e-07	127.952
5.51257e-05	457.764
1.0797e-05	135.553
4.24742e-05	446.552
0.000569757	95.1964
2.33516e-05	847.68
7.94294e-05	320.374
3.74149e-05	582.494
0.000130093	393.969
0.000153144	80.8389
1.64819e-05	820.507
1.15273e-05	930.638
1.4906e-05	943.188
0.000110359	392.993
6.96224e-05	284.244
3.18853e-05	583.045
4.11998e-05	482.958
2.76653e-05	924.411
8.85924e-07	143.913
6.55871e-05	283.253
3.0784e-05	544.669
1.81238e-05	804.41
9.86156e-06	239.004
1.35557e-05	825.127
3.79427e-05	405.193
9.65776e-05	449.937
0.000107536	346.871
2.08775e-05	869.683
1.62624e-05	819.756
0.000839687	115.458
1.44403e-05	907.273
8.12588e-05	267.428
3.14588e-05	691.508
3.63863e-05	433.612
0.000233572	206.259
1.76931e-05	699.644
0.000125237	247.411
5.92894e-05	418.452
2.00649e-05	647.314
0.000271306	192.844
2.49687e-05	769.355
3.78313e-05	402.966
0.000107906	96.5467
0.000101	250.674
4.81097e-05	623.188
2.27764e-05	801.477
3.65461e-05	729.655
2.13247e-05	607.186
0.000343133	158.768
3.50042e-05	551.353
1.617e-05	896.592
7.87566e-05	521.295
8.79102e-06	172.763
0.00494152	96.1838
4.63143e-05	403.596
3.22964e-05	696.787
0.00139211	101.169
2.03762e-05	567.726
1.98446e-05	940.925
4.25147e-05	444.986
1.5754e-05	672.644
9.63602e-07	153.709
1.25409e-05	936.457
1.57912e-05	792.243
0.000146296	228.638
0.000131848	283.752
0.000368015	149.411
0.000116719	308.01
1.76517e-05	616.033
2.99229e-05	473.399
1.68745e-05	795.143
2.90307e-05	463.765
1.74651e-05	677.409
2.06235e-05	621.996
5.94109e-05	519.239
1.88209e-05	797.216
7.3472e-06	205.375
1.74905e-05	728.749
6.83421e-05	273.577
1.24654e-05	898.087
1.96336e-05	706.294
3.58037e-05	420.155
0.00014261	247.669
8.2611e-05	323.353
7.82033e-07	171.743
9.26582e-05	428.7
2.2331e-05	676.821
4.45585e-05	443.063
4.32286e-05	424.159
4.12408e-05	561.043
8.61003e-05	285.641
2.6523e-05	806.779
7.82535e-05	363.125
1.05078e-06	144.759
4.5962e-05	717.112
9.13111e-05	398.055
8.00168e-05	286.435
1.51126e-05	242.945
1.32196e-05	823.423
5.29563e-05	366.277
0.00159	80.0446
0.000101447	353.216
2.94045e-05	439.188
4.38125e-05	419.805
2.94174e-05	695.955
1.86701e-05	167.368
1.73786e-05	812.111
1.32234e-05	752.192
9.23992e-05	402.164
2.34308e-05	629.583
0.000119478	353.921
1.35225e-05	786.773
1.53546e-06	131.533
1.87818e-05	727.209
2.96975e-05	619.584
1.46838e-05	931.552
2.50964e-05	657.583
2.10113e-05	680.345
4.25907e-05	384.219
2.23595e-05	747.617
9.74785e-05	269.477
4.66495e-05	470.871
4.36635e-05	436.678
2.85937e-05	476.992
3.37023e-05	456.005
2.2329e-05	661.605
2.49568e-05	770.419
8.13863e-06	128.349
7.02564e-05	245.001
2.78834e-05	583.56
3.15278e-05	454.386
0.000170066	210.449
3.47098e-05	383.706
4.37673e-05	510.321
0.000161833	193.981
2.81243e-05	844.689
6.34518e-05	314.193
0.00438988	112.04
8.21697e-05	317.594
0.00023071	116.668
0.00011985	214.649
1.51811e-05	784.986
6.29732e-05	355.82
0.000170329	112.833
3.8108e-05	379.215
3.01002e-05	934.717
5.65583e-05	398.561
3.15569e-05	541.022
8.83592e-05	330.367
4.1805e-05	477.584
3.39231e-06	203.016
0.000154647	249.326
0.000904356	98.2763
2.76814e-05	764.567
0.000128046	228.429
1.23617e-05	916.87
6.66404e-05	521.414
0.00167875	119.757
2.957e-05	642.755
5.92211e-05	579.982
0.00141176	116.518
4.18648e-05	677.299
0.000441181	101.608
2.26655e-05	653.208
3.95988e-05	402.12
1.54144e-05	931.397
1.38107e-05	789.602
8.39311e-05	499.585
1.21858e-05	889.554
0.000105387	303.876
2.135e-05	712.294
7.03979e-05	347.805
7.79924e-05	120.844
2.34934e-05	900.972
2.61772e-05	716.845
4.14516e-05	435.884
8.53129e-05	307.228
2.52848e-05	839.701
3.02307e-05	596.563
1.56706e-05	823.818
2.17917e-05	709.413
3.75463e-05	430.535
0.000100657	243.124
8.62664e-05	455.427
2.37097e-05	117.248
5.99479e-05	217.984
9.73218e-05	291.876
0.000171748	268.405
1.57591e-06	175.698
0.000296273	199.913
1.85356e-05	235.428
4.74007e-05	512.524
4.85111e-05	395.235
6.41638e-05	355.714
0.000144086	347.07
1.63527e-05	812.453
4.00155e-05	137.178
2.27284e-05	520.355
0.000133846	102.074
5.0845e-05	329.078
0.000112774	312.176
2.7767e-06	138.203
9.13435e-05	487.289
1.9485e-05	844.392
0.0001747	93.1542
0.00037727	157.636
3.82455e-05	393.411
0.000149313	309.107
6.87698e-06	148.17
0.000249881	246.871
2.8712e-05	497.683
9.92156e-05	268.714
2.39439e-05	237.368
2.53472e-05	709.438
2.15383e-05	822.378
4.93333e-05	391.625
1.56888e-05	941.938
0.000114194	130.264
1.59092e-05	761.688
1.7486e-05	748.25
1.30628e-05	894.161
9.16334e-05	333.873
2.94697e-05	450.184
2.98907e-05	815.904
1.84721e-05	649.833
0.000116749	200.853
0.000119083	267.724
4.04438e-05	435.537
2.67446e-05	574.618
4.0047e-05	470.481
2.17894e-05	116.842
0.000346731	187.999
3.87716e-05	687.525
3.60476e-05	905.435
0.000199807	174.113
4.03168e-05	567.629
6.6792e-05	274.005
7.73698e-06	207.688
2.47612e-05	893.063
2.42964e-05	745.026
1.19708e-05	867.371
3.66427e-05	445.138
3.91074e-05	762.844
0.000110693	261.563
0.000197201	153.437
5.19703e-05	848.193
2.10856e-05	830.823
0.000100917	338.564
4.5871e-05	331.806
2.01565e-05	757.014
2.97604e-05	440.996
1.99956e-05	682.88
0.000149163	159.209
2.2346e-05	638.955
1.35797e-05	866.612
6.69162e-05	319.76
1.96619e-05	854.979
4.85824e-05	651.932
1.62228e-05	682.513
0.000517542	100.848
0.000256885	240.052
0.000188273	113.817
5.15068e-05	386.993
4.25566e-05	633.239
1.54388e-05	937.999
1.49299e-05	914.457
2.63286e-05	472.853
2.3329e-05	544.685
1.72814e-05	815.97
2.46935e-05	908.257
3.03794e-05	528.531
2.58713e-05	674.156
1.52535e-05	233.989
1.39472e-05	852.801
6.72738e-05	417.483
1.56962e-05	797.548
3.50716e-06	212.489
1.29524e-05	933.024
2.0401e-05	859.991
0.000118781	240.486
0.000115963	207.02
4.0124e-05	745.119
6.80439e-05	410.759
0.00205246	104.968
3.10696e-05	643.148
3.2595e-05	470.177
4.75399e-05	335.666
0.00218972	117.283
0.00114147	70.3489
0.000696269	141.565
0.000137688	118.577
5.23329e-05	418.741
5.89714e-05	501.179
2.32886e-05	599.677
1.27069e-05	208.17
1.10485e-05	878.887
0.000348406	282.568
8.98854e-07	74.2311
8.03029e-05	268.821
4.35513e-05	718.519
5.00627e-05	522.107
2.10558e-05	708.64
9.6062e-05	275.098
0.00101392	77.9868
1.76034e-05	833.708
9.09646e-05	350.341
0.00188558	87.1363
0.000328097	210.857
2.88029e-05	831.782
6.88958e-05	278.465
7.2492e-06	172.178
2.75989e-05	480.206
5.40359e-05	441.039
1.39119e-05	755.559
2.3344e-05	596.642
0.000224981	111.539
2.91034e-05	609.665
2.70642e-05	519.957
1.7964e-05	868.58
2.57467e-05	544.046
4.55259e-05	489.117
1.60254e-05	815.843
3.01725e-05	697.315
1.81424e-05	830.867
2.60134e-05	730.363
2.43187e-05	876.096
2.12035e-05	864.066
1.95204e-05	648.681
3.94821e-05	569.881
2.41688e-05	611.066
0.000303494	184.783
2.39875e-05	514.966
0.000470985	101.971
0.000231775	342.173
3.223e-05	509.889
0.00995269	96.7882
0.000102244	253.309
1.67689e-05	937.512
6.09656e-06	224.883
4.78821e-05	488.293
3.60102e-05	432.785
9.26745e-05	425.346
5.03953e-05	433.341
4.94251e-05	473.141
2.61728e-05	223.3
2.47956e-05	723.843
4.69251e-06	203.298
2.44793e-05	495.574
1.42649e-05	875.528
1.89727e-05	831.303
0.000124614	202.564
2.23611e-05	621.319
1.5581e-05	949.285
4.5505e-05	792.819
0.000211395	253.809
2.08445e-05	778.946
2.31713e-05	798.523
1.2852e-05	904.768
0.00113526	101.039
1.60833e-05	845.256
1.84083e-05	686.401
7.09367e-05	287.991
9.81943e-05	286.314
0.000125343	122.724
0.000138542	67.5689
1.30794e-05	799.718
1.67839e-05	895.662
0.00047256	91.8744
4.21578e-05	487.959
3.01472e-05	601.624
3.32561e-06	184.135
2.00478e-05	774.223
9.76411e-05	429.31
2.23933e-05	810.755
1.54512e-05	681.205
2.34903e-06	199.12
3.156e-05	520.95
4.74212e-05	590.416
3.89098e-05	433.345
3.2547e-05	496.541
1.90857e-05	792.627
5.78421e-05	394.063
1.988e-05	579.075
1.98313e-05	772.637
1.72144e-05	726.513
2.50197e-05	656.07
9.86396e-05	353.943
1.8583e-05	581.8
0.000197915	148.28
0.000134915	197.331
1.64996e-05	833.144
1.9812e-05	706.801
1.64511e-05	776.659
2.37742e-05	604.989
4.71038e-05	401.588
5.49629e-05	453.463
0.000216005	158.717
3.13082e-05	795.225
1.28931e-05	945.42
2.164e-05	827.873
0.000167368	183.018
6.38805e-05	461.181
7.31735e-05	388.275
5.38008e-05	402.238
8.21765e-05	340.336
9.59113e-05	487.623
5.33502e-05	407.882
2.83786e-05	423.904
1.92292e-05	918.964
1.25198e-05	837.764
2.17586e-05	652.427
2.48082e-05	803.899
2.43488e-05	811.107
2.21119e-05	671.892
1.60837e-05	765.698
0.000133412	187.166
4.47603e-05	601.092
1.88232e-05	720.296
5.22207e-05	322.401
5.75164e-05	321.457
1.42791e-05	897.344
4.23761e-05	544.976
2.77517e-05	783.444
1.23767e-05	856.598
0.000155358	159.253
2.01591e-05	730.449
1.76296e-05	947.58
2.26871e-05	836.973
0.00014125	335.21
0.000108902	423.003
2.78717e-05	671.677
0.000243021	202.971
5.84497e-05	267.384
3.29083e-05	654.95
6.1316e-05	132.507
5.05201e-05	376.513
1.34933e-05	925.542
3.66759e-05	461.068
3.75095e-05	450.744
1.22379e-05	857.26
2.94333e-05	462.668
3.14271e-05	251.203
1.2079e-05	844.355
1.74614e-05	789.884
3.30139e-05	602.338
1.86928e-05	876.569
6.12945e-06	125.456
1.4824e-05	783.393
6.29658e-06	204.489
2.39939e-05	720.404
2.23695e-05	691
5.34381e-05	327.544
5.91921e-05	390.428
0.000152062	315.537
2.8039e-05	876.657
7.67884e-05	113.721
1.9651e-05	842.343
2.5658e-05	545.258
1.91243e-05	700.916
6.22825e-05	329.282
3.8756e-05	575.759
2.81768e-05	557.292
4.40264e-06	188.467
2.38387e-05	899.488
2.48473e-05	589.472
3.06865e-05	544.572
2.14885e-05	825.411
2.6961e-05	514.029
0.000105773	239.866
0.00012381	231.169
0.000128567	368.264
2.2667e-05	711.632
3.44563e-05	464.561
1.18258e-05	839.733
8.39042e-05	76.4372
4.31992e-05	666.272
1.90067e-05	628.39
4.56864e-05	364.117
2.29585e-05	556.743
0.00132471	91.4003
2.90729e-05	549.933
5.83143e-05	606.865
0.000106087	227.6
3.87091e-05	549.273
2.71359e-05	817.597
1.19397e-05	880.681
1.20369e-05	890.246
3.343e-05	556.321
1.32712e-05	942.817
9.87292e-05	114.522
1.24425e-05	939.798
8.86063e-05	301.586
8.77888e-05	272.145
1.54308e-05	141.341
1.93597e-05	766.908
4.25023e-05	719.18
0.000154403	349.833
3.86262e-05	630.022
7.62778e-05	313.423
3.47956e-05	240.193
4.79337e-05	395.704
6.28102e-05	326.968
2.78705e-05	604.676
4.82165e-05	434.258
4.13798e-05	385.499
5.11326e-07	137.471
5.15888e-05	334.777
2.31357e-05	506.487
0.00929473	71.7965
2.12378e-05	903.289
5.49322e-05	495.334
3.10319e-05	897.363
9.27037e-05	249.719
2.54089e-05	606.91
2.80545e-05	731.122
2.2738e-05	706.378
2.112e-05	631.073
0.00502764	77.7352
1.94147e-05	894.057
0.000216745	85.708
1.47708e-05	949.375
0.000126045	621.13
4.31835e-05	650.401
0.000129108	327.525
1.82151e-05	948.473
4.00661e-05	417.972
1.66821e-06	127.787
1.45126e-05	948.228
1.27616e-05	830.996
3.93338e-05	609.705
1.66714e-05	650.956
1.78708e-05	838.035
0.0134714	96.8602
2.69359e-05	644.917
2.91519e-05	260.196
5.05932e-05	411.813
1.44115e-05	218.762
5.54432e-05	337.206
0.000133462	390.499
2.82963e-05	582.724
5.12186e-07	127.087
7.97136e-05	243.491
3.02085e-05	448.961
0.000133242	236.042
9.30553e-06	87.8937
2.5297e-05	654.056
0.000119891	329.113
0.000272665	137.896
8.49693e-05	273.272
1.2788e-06	165.419
2.49193e-05	843.623
7.83309e-05	391.797
1.8246e-05	642.026
3.81276e-05	400.559
0.000409296	96.7811
3.88466e-05	405.468
0.00013465	209.912
2.23782e-05	675.045
0.00945939	101.897
3.62695e-05	685.446
7.48107e-05	278.007
1.64337e-05	762.283
1.95586e-05	706.763
0.000126561	278.602
1.31131e-05	932.502
3.43468e-05	474.167
1.38127e-05	744.93
3.26849e-05	541.702
3.2438e-05	672.09
4.08842e-05	445.033
0.000121992	215.602
1.65114e-05	217.565
4.16891e-06	124.699
3.31352e-05	447.591
1.52957e-05	130.587
0.00724262	89.5154
2.5005e-05	484.484
2.20227e-05	787.81
2.48605e-05	552.117
3.77449e-05	513.423
3.21811e-05	731.443
2.77004e-05	587.602
0.000312346	115.845
0.000134401	282.116
3.59822e-05	465.757
3.68963e-05	535.648
0.000143856	203.208
1.69398e-05	920.439
0.00109565	105.992
3.87539e-06	189.599
1.82675e-05	832.653
5.30188e-05	437.86
0.000198918	186.104
1.90937e-05	626.381
0.000109549	385.961
0.00426029	102.841
0.000173332	336.788
3.92975e-05	407.91
0.000113035	262.124
2.95022e-05	634.705
1.25202e-05	903.246
4.02734e-05	415.205
1.31196e-05	886.951
0.000142038	317.157
2.45683e-05	750.263
3.21756e-05	768.215
4.77524e-05	439.926
2.01481e-05	598.201
0.000129762	189.458
4.96432e-05	437.572
0.000474205	145.963
3.60735e-05	461.052
0.000742391	218.921
3.59489e-05	561.28
0.000136716	200.599
2.57213e-05	525.734
1.58672e-05	226.981
0.00122502	116.298
1.59453e-05	823.757
2.333e-05	549.973
5.09358e-05	663.845
0.000188878	179.649
2.92169e-05	859.191
5.01219e-06	210.052
2.76284e-05	830.288
3.65038e-05	823.453
5.05657e-05	606.916
5.11324e-05	391.965
3.28127e-05	588.735
1.68574e-05	871.249
4.09342e-05	582.58
2.97252e-05	578.441
2.95061e-05	633.767
1.05435e-05	928.408
1.90741e-05	623.302
6.40028e-05	502.042
0.000135721	348.996
3.13246e-05	776.585
1.64492e-05	679.142
1.41589e-05	799.198
3.0899e-05	905.892
3.20242e-05	623.168
0.000655268	99.7505
6.05358e-05	312.817
2.37146e-05	574.381
0.000173068	189.075
3.57207e-05	525.023
2.07725e-05	618.715
1.44916e-05	761.844
5.22564e-06	152.954
2.91207e-05	584.092
3.08245e-05	193.525
2.86638e-05	441.555
1.32111e-05	208.372
6.38892e-05	312.528
2.10395e-05	732.406
0.000316907	157.949
0.000160598	253.809
1.20457e-05	870.955
5.4337e-05	363.428
1.26357e-05	893.157
6.15521e-05	539.422
6.35095e-05	300.675
1.98606e-05	729.828
2.81568e-05	86.5115
1.4977e-05	934.798
6.11307e-05	763.567
3.53576e-05	437.149
2.21968e-05	238.528
2.45238e-05	703.205
4.90706e-05	441.285
3.29675e-06	205.048
3.0223e-05	630.582
3.36025e-05	746.223
3.85467e-06	188.027
2.25298e-05	757.779
2.94649e-05	818.263
5.68555e-05	602.196
0.000128009	355.946
7.06028e-05	310.128
1.81916e-05	855.523
3.88842e-05	355.767
3.73954e-05	652.226
3.23002e-05	492.984
1.41444e-05	759.523
5.37325e-05	328.06
0.00519149	90.03
4.26361e-05	521.309
5.531e-05	661.989
6.83323e-05	249.502
0.00010337	472.278
2.14895e-05	557.542
3.10285e-05	477.987
3.0816e-05	599.326
0.00225051	103.735
9.4372e-05	351.491
4.19208e-05	669.22
6.54602e-05	286.732
1.36809e-05	811.096
1.8289e-05	752.48
1.45063e-05	853.821
5.3889e-05	245.831
1.02151e-05	86.0257
1.08076e-05	860.482
8.64416e-05	341.049
7.10881e-05	370.311
4.07851e-05	471.028
5.02434e-05	502.574
2.42216e-05	675.451
9.70954e-05	247.294
2.31412e-05	493.576
2.94164e-05	512.305
1.15537e-05	937.286
4.8229e-05	393.771
2.35351e-05	527.266
0.00322038	113.638
6.80749e-05	270.159
3.64247e-05	632.454
2.9387e-05	556.697
7.47252e-05	464.055
0.000652887	138.451
2.64308e-05	559.464
5.20012e-05	520.036
3.63481e-05	561.406
1.82527e-05	909.131
3.90983e-05	803.336
1.92144e-05	759.185
4.33469e-05	445.731
0.000120037	355.839
2.67519e-05	596.024
1.05722e-05	931.489
0.000102909	262.829
5.5484e-05	945.575
1.6198e-05	829.254
6.87656e-07	160.414
3.54353e-05	458.367
1.44499e-05	836.607
1.43661e-05	768.073
0.000147091	581.408
0.000182332	169.035
0.000480081	140.993
5.18522e-05	557.054
0.000182234	111.759
4.35525e-05	183.367
6.69617e-05	309.631
2.22377e-05	638.955
5.6666e-05	447.57
4.74358e-05	496.096
2.3133e-05	574.756
0.000183942	156.427
2.67543e-05	552.522
2.72575e-05	911.67
2.8461e-05	616.976
4.45124e-05	231.934
1.64342e-05	690.625
8.84057e-05	269.07
2.6395e-05	830.718
0.00184939	109.235
0.000175054	260.775
1.35528e-05	935.093
1.16399e-05	845.818
0.000233762	179.264
1.40554e-05	793.07
3.9334e-05	689.766
3.73676e-05	395.349
2.98228e-05	867.841
0.000550482	175.693
5.3891e-05	156.849
6.89402e-05	333.842
1.79983e-05	615.091
1.80973e-05	642.735
1.64652e-05	866.615
8.43363e-05	75.2085
1.65205e-05	874.825
3.25943e-05	677.442
1.94415e-05	646.246
2.15792e-05	629.6
0.000165722	161.488
3.98056e-05	523.232
3.61591e-05	398.434
1.20565e-05	888.483
1.28616e-05	763.668
8.35913e-05	437.294
2.63017e-05	778.115
8.32452e-05	390.528
0.00188824	92.8116
0.00488174	73.0739
0.000123052	281.157
1.23325e-05	184.23
0.000172091	328.19
6.1479e-05	513.079
0.00017765	210.271
5.46292e-05	520.96
0.000215129	158.26
4.1134e-05	438.677
7.65673e-05	331.934
1.14427e-05	852.721
5.14879e-05	465.235
1.23929e-05	927.996
8.51987e-05	519.503
0.000123034	486.259
2.52719e-05	907.135
2.80744e-05	724.763
4.93707e-05	178.481
2.20679e-05	645.812
2.88726e-05	453.733
4.29542e-05	410.906
1.45191e-05	863.295
3.83662e-05	435.725
4.98467e-05	498.776
2.20415e-05	635.551
6.07051e-06	198.156
0.000220988	202.49
0.00187177	115.476
2.43465e-05	514.296
3.08439e-05	254.429
0.00581071	97.1776
0.000509368	106.512
2.6333e-05	512.804
1.99794e-05	784.94
4.87981e-05	358.848
7.02452e-05	488.99
3.90805e-06	204.213
1.7793e-05	610.569
2.92401e-05	449.906
4.78669e-05	738.601
2.18485e-05	826.269
0.000290607	157.607
0.00012916	209.436
0.000108442	269.043
3.35653e-05	437.374
3.16342e-05	485.033
0.000108632	87.0993
3.36727e-05	460.993
2.30749e-05	598.346
7.17581e-05	400.344
0.00148309	77.2311
0.00195579	93.3336
3.53347e-05	155.256
5.37924e-05	345.294
1.97746e-05	564.137
2.06637e-05	542.856
4.1608e-05	770.986
2.66084e-05	190.385
3.40005e-05	721.603
3.79083e-05	619.169
3.02776e-05	528.333
3.95194e-05	456.391
4.15328e-05	594.622
2.75195e-05	726.408
0.00294725	100.196
6.34225e-05	469.651
1.36119e-05	949.164
0.000157574	408.028
2.4115e-05	739.356
3.09314e-05	715.882
2.76489e-05	643.706
3.90967e-05	706.785
0.000120069	242.163
3.41737e-05	696.343
3.21777e-05	562.786
2.88692e-05	485.332
2.97678e-05	672.636
3.61568e-05	409.562
2.34797e-06	179.876
5.72447e-05	152.353
1.90438e-05	603.548
6.40869e-05	363.783
1.83792e-05	758.465
3.45571e-05	535.67
1.42793e-05	847.154
5.32455e-05	412.057
2.88494e-05	548.939
4.32494e-05	550.053
2.92108e-05	608.433
3.55346e-05	689.82
0.000193691	327.707
1.7317e-05	652.581
3.32122e-05	449.984
3.71885e-05	676.797
2.47679e-05	668.062
1.95164e-05	947.655
0.00522287	92.0768
3.26471e-05	612.941
3.04797e-05	768.931
0.000123194	343.924
6.53628e-05	345.576
1.09017e-05	926.886
4.58211e-05	692.044
2.21349e-05	748.089
2.32675e-05	673.435
0.000280542	145.73
2.60476e-05	806.654
1.99193e-05	559.897
2.97878e-05	728.392
1.85499e-05	793.098
0.000197466	320.975
1.78821e-05	947.131
0.000116332	217.608
2.44428e-05	530.221
3.03312e-05	197.96
1.765e-05	787.237
1.48332e-05	893.582
0.000143462	320.273
2.72623e-05	661.516
3.26165e-05	417.82
5.91785e-05	335.626
8.98216e-05	265.001
2.17324e-05	624.774
8.15863e-05	353.652
6.03492e-05	496.472
3.70051e-05	669.659
4.54025e-05	453.582
0.000135418	273.332
1.64523e-05	837.085
4.26686e-05	607.825
2.8638e-05	506.451
9.903e-05	259.077
0.0050225	104.645
0.000822334	124.408
5.16147e-06	180.456
7.06107e-05	654.251
0.000228153	146.402
0.00045618	141.767
3.86942e-05	424.091
2.11598e-05	796.122
8.26971e-05	364.16
0.000133573	331.722
2.23223e-05	892.813
2.57888e-05	728.281
2.15578e-05	749.714
9.91284e-05	265.676
2.64776e-05	579.488
8.59089e-05	201.23
3.33268e-05	588.802
0.00217889	86.5344
2.56341e-05	700.617
7.34531e-05	307.631
3.22363e-05	492.993
2.80037e-05	477.223
9.50906e-05	257.412
1.54278e-05	923.006
4.75679e-05	434.223
2.03812e-05	616.1
7.38595e-06	205.846
1.33238e-05	881.377
1.18259e-05	872.794
2.26137e-05	642
1.52103e-05	245.705
0.00298817	101.32
1.25329e-05	871.814
3.12007e-05	600.467
2.82169e-05	614.834
0.000231038	176.707
3.12888e-05	862.658
0.000261567	157.034
5.03028e-05	503.576
0.000252365	155.964
3.37471e-05	426.05
4.89178e-05	544.737
1.9944e-05	556.347
8.17972e-07	132.822
1.85193e-05	720.674
3.36581e-05	429.299
4.66169e-07	160.128
6.01298e-05	387.071
1.81074e-05	694.208
1.18949e-05	945.446
2.51868e-05	554.746
0.000208564	386.874
4.24017e-05	467.59
8.27384e-05	278.895
2.43474e-05	779.138
1.67723e-05	720.011
3.6895e-05	504.236
0.00232046	119.053
4.21468e-05	803.739
6.76216e-05	270.285
2.3725e-05	798.379
2.90297e-05	673.379
1.63935e-05	857.732
0.000138207	237.344
2.20492e-05	707.727
4.42007e-05	504.479
3.6755e-05	225.501
3.09389e-05	560.891
9.33321e-05	507.822
3.89263e-05	558.076
3.14881e-05	769.829
2.9991e-05	623.522
1.43066e-05	915.612
0.000119246	244.693
0.00236889	104.141
1.33785e-05	943.499
2.02399e-05	939.232
0.000201466	204.512
1.4128e-05	861.998
6.70235e-05	323.085
3.66754e-05	736.568
6.17396e-05	341.853
1.42956e-05	127.02
9.56001e-05	259.093
6.57387e-05	354.487
1.4352e-05	932.554
0.000170819	155.823
4.29526e-05	428.611
1.94459e-05	884.673
4.49742e-05	388.023
1.54039e-05	818.779
4.81307e-05	490.177
6.12806e-05	265.899
1.65206e-05	872.397
1.71721e-05	888.661
4.11276e-05	262.202
0.000128206	105.542
4.77365e-05	545.431
1.40051e-05	692.985
3.14393e-05	496.768
2.57102e-05	543.359
1.60196e-05	728.871
0.000384162	102.632
4.35627e-05	705.903
3.9456e-05	399.351
5.76496e-05	766.064
1.46937e-05	767.487
0.00195773	90.5763
2.37252e-05	505.402
4.19661e-05	392.636
1.7721e-06	186.477
2.59189e-05	718.886
3.24846e-05	461.197
0.00019028	289.574
3.43424e-05	812.145
2.02362e-05	587.649
2.42542e-05	645.838
3.69731e-05	835.848
3.35584e-05	776.501
2.95348e-05	440.794
1.83241e-06	140.166
3.77869e-05	906.038
1.87738e-05	757.887
1.24668e-05	874.796
3.48307e-05	451.852
6.42048e-05	309.878
2.3908e-05	808.826
7.9026e-05	425.515
2.31427e-05	904.4
6.76866e-05	184.218
1.83838e-05	676.764
0.000182884	125.823
9.21755e-05	106.806
3.56668e-06	206.069
2.25428e-05	567.111
0.00010079	259.949
4.40642e-05	808.534
1.6834e-05	944.414
2.88704e-05	711.475
3.30254e-05	622.083
1.91314e-05	796.454
7.13981e-05	630.04
1.71115e-05	890.576
3.20862e-05	491.096
6.47119e-05	328.197
5.5262e-05	460.933
4.77735e-05	404.115
1.29678e-05	879.695
6.52743e-05	421.855
0.000144459	111.975
0.000274044	147.484
8.86984e-05	163.551
1.81432e-05	946.854
3.07461e-05	470.125
1.27314e-05	865.698
4.00599e-05	860.123
0.000860616	74.9382
7.34647e-05	224.486
3.8063e-05	442.82
0.00420094	109.157
4.76526e-05	484.414
2.34584e-05	665.135
4.67263e-05	418.966
1.87013e-05	869.283
1.30541e-05	940.044
2.56409e-05	503.914
6.5189e-06	216.122
0.000285192	99.9895
1.41246e-05	832.736
2.75685e-05	510.854
5.13769e-05	316.958
2.93565e-05	742.458
4.75118e-05	397.647
6.20999e-05	656.824
7.07784e-05	383.335
4.07107e-05	729.264
0.000169116	207.818
2.25773e-05	875.124
2.84315e-05	622.508
5.64487e-05	542.371
2.25332e-05	534.364
1.33703e-05	846.829
3.08539e-05	801.533
3.52406e-05	594.585
0.000110825	366.081
5.71555e-05	469.031
1.84696e-05	209.953
8.58715e-05	484.878
6.95994e-05	388.163
1.54331e-05	648.84
1.53226e-05	747.895
1.44883e-05	722.655
8.40828e-05	402.353
4.32401e-05	428.049
4.22043e-05	544.648
0.00153159	89.9868
0.000580711	112.543
2.43427e-05	766.286
6.10806e-05	406.981
0.00171693	111.452
2.68799e-05	477.453
1.6701e-05	899.19
2.14708e-05	729.424
1.85336e-05	752.804
3.23674e-05	488.727
9.92782e-05	294.199
1.51481e-05	861.538
2.04672e-05	721.179
2.25845e-05	742.075
4.26662e-05	382.323
3.36789e-05	499.123
2.23644e-05	799.112
2.53218e-05	569.837
1.37413e-05	862.2
3.32358e-05	481.165
0.000265222	325.38
8.54341e-05	240.448
2.1927e-05	612.606
4.63398e-05	696.817
0.000149899	375.057
1.91897e-05	693.141
0.000429255	81.8126
1.1505e-05	913.635
2.36285e-05	630.068
3.81864e-05	364.099
1.41527e-05	886.795
2.1332e-05	716.703
3.47761e-05	755.219
0.00128973	67.5933
2.28095e-05	564.461
1.78253e-05	740.521
2.16342e-05	871.909
1.89403e-05	681.284
4.69751e-05	781.256
2.37416e-05	606.301
5.52383e-05	290.959
4.4833e-05	388.694
2.09418e-05	662.776
4.07106e-05	507.546
4.61413e-05	389.433
2.79166e-05	630.693
0.000528413	124.739
1.83347e-05	721.332
4.10026e-05	357.596
2.82693e-05	594.713
1.18023e-05	218.712
1.51103e-05	831.634
2.03286e-05	650.731
1.52126e-05	719.361
3.00634e-05	471.696
8.62302e-05	686.274
0.000111823	251.946
4.73714e-05	388.694
0.000145087	145.091
2.60433e-05	741.789
4.13055e-05	635.046
2.1165e-05	705.587
3.01342e-05	748.425
3.06962e-05	818.709
4.20414e-05	196.994
1.99464e-05	608.691
0.000177136	156.143
3.84814e-05	508.33
4.14482e-05	477.794
8.2319e-06	82.4649
3.05986e-05	520.406
8.84175e-05	92.1594
1.97223e-05	904.029
0.000123923	111.475
1.38346e-05	815.262
2.80896e-05	771.828
0.000110535	309.598
1.92589e-05	944.582
0.00024188	199.726
9.70981e-05	365.894
1.89306e-05	739.267
2.79372e-05	522.302
3.30885e-05	633.174
3.54046e-05	627.361
3.66453e-05	663.644
8.81703e-05	413.074
3.85787e-05	546.088
0.000121564	267.698
2.68786e-05	516.992
4.88691e-07	129.71
0.000111792	282.663
2.76689e-05	605.183
5.74571e-05	299.736
1.48804e-05	939.825
0.000146939	216.282
0.000257588	101.96
2.59344e-05	613.51
6.17601e-05	346.514
2.03473e-05	906.819
2.02447e-05	556.974
0.000143438	342.441
9.47878e-06	946.124
8.15239e-05	272.113
0.000213418	110.457
2.429e-05	655.338
2.04213e-05	701.658
2.029e-05	940.468
4.62591e-05	519.549
1.16688e-05	864.081
4.60317e-05	425.617
5.23282e-06	155.672
1.4724e-05	794.539
0.000100866	273.715
9.10679e-05	466.507
0.000106417	415.407
7.78936e-05	439.617
0.00189065	112.625
4.72088e-05	155.218
4.13799e-05	273.641
1.57178e-05	828.25
3.67693e-05	617.025
9.76959e-06	947.739
1.93718e-05	744.898
4.19285e-05	446.859
2.40696e-05	243.44
2.03412e-05	918.49
2.21624e-05	767.884
1.61225e-05	830.754
6.8408e-05	292.993
3.05492e-05	803.423
2.76643e-05	675.351
3.39623e-05	540.453
1.32559e-05	807.739
1.37973e-05	160.961
0.000142312	227.333
2.56273e-05	631.696
1.87143e-05	611.432
2.96867e-05	841.058
2.54996e-05	230.405
9.38374e-05	524.213
1.51304e-05	909.968
0.00452121	83.0581
8.43801e-05	366.005
5.66108e-05	361.604
8.48103e-05	360.25
8.37254e-05	239.772
2.18012e-05	545.011
1.18677e-06	174.66
1.77441e-05	622.897
8.05664e-06	134.721
3.66658e-05	655.795
3.68298e-05	860.132
6.43331e-05	330.832
4.92578e-05	563.826
2.81376e-05	664.845
4.45981e-05	475.66
1.5784e-05	882.269
1.24132e-05	166.523
2.27902e-05	694.994
4.17092e-05	743.542
4.94268e-05	693.079
0.00151189	110.413
1.43397e-05	861.176
0.000117077	191.37
2.7232e-05	520.172
6.40713e-05	300.244
1.239e-05	770.808
2.57859e-05	770.729
0.000216511	232.893
7.38226e-05	344.796
2.86394e-05	599.248
2.57075e-05	605.045
5.68261e-05	354.173
2.73945e-06	158.847
2.22306e-05	808.369
4.19175e-05	390.107
1.56663e-05	831.086
6.3994e-05	149.044
0.000153003	204.051
7.56337e-05	323.857
5.4813e-05	568.81
2.99286e-05	863.205
0.0001321	197.746
8.82323e-05	277.012
1.52979e-05	676.408
2.01578e-05	853.069
2.73748e-05	492.191
2.15474e-05	610.866
5.68656e-05	345.59
3.89531e-05	462.338
0.000364201	70.1399
1.36681e-05	854.872
2.32044e-05	687.39
9.10228e-05	236.431
5.07842e-05	372.617
6.40697e-05	537.97
1.61334e-05	786.429
1.94803e-05	641.739
3.31985e-05	502.16
2.16225e-05	816.15
2.21007e-05	548.869
1.64993e-05	707.811
8.25818e-05	254.491
0.00010315	248.952
1.99731e-06	174.236
4.95016e-05	506.965
1.29959e-06	182.273
0.000159595	417.85
2.31451e-05	580.34
6.79905e-06	188.396
3.22559e-05	540.806
3.00723e-05	576.051
2.3354e-05	711.037
5.72321e-07	128.878
3.06232e-05	706.907
2.37255e-05	602.236
2.0359e-05	599.994
6.60089e-05	218.946
2.56062e-05	697.791
9.46571e-05	245.381
3.03025e-05	667.628
4.65431e-05	379.752
0.000204284	243.143
0.000245809	214.877
1.59255e-05	781.552
9.10133e-05	479.079
1.20219e-05	915.593
5.99802e-05	400.109
1.86883e-05	947.769
2.38984e-06	190.945
1.29524e-05	863.893
1.53407e-05	910.379
1.75812e-05	676.774
4.25796e-05	666.776
1.62801e-05	899.148
8.18236e-06	165.073
0.000231937	182.385
4.63998e-05	486.553
2.66653e-05	691.064
3.38926e-05	792.18
2.57331e-05	708.287
2.16352e-05	668.519
1.94067e-05	179.564
4.27165e-05	364.011
3.09861e-05	557.443
0.000122409	194.421
2.0295e-05	647.812
1.88381e-05	839.385
9.00445e-05	243.722
3.73009e-05	525.271
0.000161646	223.927
9.22673e-05	250.158
0.0003134	127.804
1.41056e-05	853.263
1.74726e-05	846.396
3.16454e-05	598.207
7.69402e-05	277.98
2.77353e-05	706.121
6.90713e-05	344.045
1.32716e-05	746.704
5.68737e-05	296.007
5.52741e-05	359.562
1.85984e-05	884.647
2.05178e-05	904.928
3.6965e-05	429.052
1.45137e-05	866.764
0.000435788	135.455
0.000266025	171.544
2.94958e-05	796.84
5.63627e-05	365.151
6.26855e-05	468.952
4.07025e-05	648.371
1.26653e-05	774.465
3.44571e-05	567.834
0.000114471	268.391
2.90839e-05	661.52
0.000576282	223.903
0.00188371	106.828
1.88729e-05	795.433
0.000483093	133.054
5.78837e-05	618.463
9.69576e-05	401.76
4.82896e-05	465.655
2.24641e-05	715.23
0.000633524	124.067
3.84991e-05	398.181
0.00218638	89.08
2.54424e-05	262.514
1.56102e-05	751.806
4.91303e-05	519.891
1.63173e-06	145.139
3.65781e-05	406.906
3.5181e-07	153.94
3.81356e-05	575.403
0.00071104	81.3682
1.93774e-05	761.265
8.57047e-05	762.866
0.000507475	96.5705
3.10544e-06	205.648
3.32227e-05	527.834
2.31892e-05	578.461
1.68569e-05	857.987
1.69161e-05	793.048
7.98507e-06	227.315
0.000211322	315.32
1.19551e-05	893.687
2.52355e-05	598.848
3.80648e-05	582.008
7.5343e-05	239.762
2.84106e-05	774.5
2.62099e-05	538.511
1.82063e-06	183.242
9.73298e-05	199.425
2.99905e-05	772.209
3.21805e-05	835.518
3.85976e-05	407.747
2.76684e-05	767.963
0.000297746	210.758
0.000100651	603.436
1.52228e-06	173.181
2.25327e-05	639.754
3.87271e-05	434.768
2.66285e-05	911.844
8.28423e-05	230.722
2.22824e-05	825.042
1.60592e-05	898.608
8.60483e-05	308.151
0.000111879	252.983
1.49072e-05	862.341
0.000106831	350.093
2.82413e-05	641.694
0.00219543	87.7307
2.75345e-05	567.8
0.000183412	173.69
1.3417e-05	819.631
1.23089e-05	901.988
8.53103e-05	234.064
3.98648e-05	538.766
1.788e-05	812.243
6.27804e-06	181.391
2.34098e-05	493.792
2.15351e-05	657.308
0.000104989	366.189
6.25285e-05	345.466
0.000279251	114.588
0.000106083	324.293
3.24098e-05	531.341
1.77922e-05	735.958
2.12475e-05	914.578
0.00117494	93.3014
2.31277e-05	770.182
0.000123438	235.427
1.79501e-05	712.531
7.96358e-05	262.288
0.000124944	192.588
1.11841e-05	918.626
0.000129631	450.449
5.23238e-05	387.742
1.57033e-05	947.732
1.41894e-05	848.014
0.00688778	83.2311
1.6847e-05	882.64
0.000107646	236.098
1.83912e-05	814.897
1.95062e-05	854.25
5.64477e-05	548.167
0.000508531	92.542
2.55416e-05	550.563
0.000192588	106.294
0.000118412	382.508
3.11739e-05	503.321
6.73778e-05	326.725
0.000818019	95.6568
7.78085e-05	426.515
5.1365e-05	678.149
6.66743e-05	210.953
2.14787e-05	617.013
3.39437e-05	923.201
2.72673e-05	584.514
2.91252e-05	255.521
1.44621e-05	894.675
3.06428e-05	672.603
1.5084e-05	760.556
2.79348e-05	791.573
5.55004e-05	324.364
1.92668e-05	935.453
0.000162638	247.586
1.30821e-05	934.152
1.45151e-05	821.385
4.94873e-05	582.356
4.73888e-05	835.55
1.20101e-05	868.891
1.49657e-05	938.279
3.62823e-05	175.683
0.000835065	155.309
8.57489e-05	304.534
1.85244e-05	825.081
2.28151e-07	141.545
1.33583e-05	890.079
1.99823e-05	945.527
1.98987e-05	654.684
3.1161e-05	475.197
5.52103e-05	495.415
3.42386e-05	620.783
4.11472e-05	389.778
2.47576e-05	678.054
9.63978e-07	171.555
8.71202e-05	377.446
4.81939e-06	157.151
2.0937e-05	820.941
4.34598e-05	416.519
2.43614e-05	813.693
3.32897e-05	175.746
1.40571e-05	943.516
2.41097e-05	634.93
1.28139e-05	894.648
3.28568e-05	260.707
2.38363e-05	507.673
7.80632e-05	344.878
1.73486e-05	789.642
0.000869579	106.918
1.7193e-05	786.964
1.2944e-05	930.362
8.76641e-05	228.005
2.22635e-05	649.242
1.7671e-05	674.187
3.91427e-05	728.632
2.67544e-05	494.131
3.04165e-05	712.224
0.00230391	74.7643
8.51699e-05	281.206
3.48254e-05	551.818
4.79619e-05	592.37
1.72115e-05	747.134
9.20658e-05	302.111
2.01241e-05	215.12
5.06815e-05	273.772
2.12865e-05	648.608
2.62453e-05	562.858
1.84737e-05	822.61
3.0047e-05	495.647
0.000678045	101.557
6.9197e-05	346.471
1.38217e-05	768.758
2.39836e-05	572.351
1.85015e-05	637.875
6.75224e-05	381.746
0.000150805	248.25
0.000153939	171.244
2.43585e-05	866.973
8.92537e-06	191.567
1.5782e-05	785.677
1.41696e-05	917.452
8.07088e-05	460.362
1.97863e-05	711.377
1.91325e-05	722.215
4.06688e-05	808.081
2.45064e-05	487.352
2.77721e-05	494.83
2.12784e-05	639.699
2.80219e-05	692.091
2.72566e-06	182.208
9.27947e-05	309.508
1.79735e-05	868.335
1.28365e-05	830.96
7.90461e-05	370.51
1.25745e-05	878.023
2.38304e-05	820.057
0.000111055	205.415
1.72245e-05	731.318
3.36973e-05	759.251
0.000130544	287.735
2.56145e-05	705.585
4.28148e-05	461.673
0.0184247	73.5512
0.000130656	235.01
1.22953e-06	154.739
5.88956e-05	365.268
8.88855e-05	237.142
1.57128e-05	771.712
1.5661e-05	762.32
3.8957e-05	444.845
1.48715e-05	835.219
1.32378e-05	938.956
4.44269e-05	448.294
3.12443e-05	518.648
1.9897e-05	877.385
1.33642e-05	752.74
0.00282916	110.28
0.000126895	287.711
4.31476e-05	476.127
2.98623e-05	559.092
4.24853e-05	454.458
2.78292e-05	237.445
0.00133422	90.4399
2.51227e-05	857.912
0.00149687	104.377
2.79389e-05	658.309
5.03499e-05	598.951
6.78716e-05	307.979
2.13494e-05	669.701
1.96026e-05	639.644
2.85117e-05	585.28
6.184e-05	516.836
0.000346338	102.727
7.5164e-05	278.844
1.97151e-05	926.009
1.50453e-05	800.822
2.52277e-05	487.39
1.06292e-05	897.462
2.73959e-05	480.826
1.31471e-05	817.554
1.74646e-05	640.704
0.000118275	420.336
2.08446e-05	724.207
5.35021e-05	256.144
1.53976e-05	860.216
6.38456e-05	516.634
2.9673e-05	568.381
1.88343e-05	694.273
4.51888e-05	395.182
2.69014e-05	542.944
0.000144293	222.297
1.82263e-05	648.247
3.43059e-05	467.773
4.54164e-05	535.296
4.10549e-05	727.692
3.00096e-07	133.73
6.66302e-05	254.1
0.000290782	220.121
1.81213e-05	793.807
6.35699e-05	310.157
8.87487e-07	164.501
1.09177e-05	181.696
1.06344e-06	131.532
1.60647e-05	654.536
4.5623e-05	640.593
1.82493e-05	800.981
3.03456e-05	661.804
7.49207e-05	370.151
2.25006e-05	824.671
0.000131257	277.768
2.59943e-05	485.914
7.60267e-05	311.962
2.11437e-05	618.935
5.92569e-05	540.365
0.000105646	333.581
3.78545e-05	639.059
5.5992e-05	341.111
0.0135129	97.0444
3.08165e-05	802.913
1.41945e-05	886.546
1.17282e-05	889.955
1.13883e-05	948.448
2.45322e-05	525.47
3.70456e-05	706.464
2.06444e-05	773.176
0.0120965	88.3125
2.77252e-05	529.262
2.48528e-05	638.399
0.000178024	109.915
1.9327e-05	587.196
2.28742e-05	789.778
2.13988e-05	822.87
3.13013e-05	240.032
2.98642e-05	925.46
1.91384e-05	568.339
2.74555e-05	602.879
3.72057e-05	406.082
3.03858e-05	657.886
4.5537e-05	434.09
1.62304e-05	700.512
1.69622e-05	646.214
1.7723e-05	888.212
0.00059201	109.096
2.67942e-05	827.003
1.47533e-05	750.52
1.67567e-05	762.177
0.000127042	367.598
4.16345e-05	450.307
5.11452e-05	703.061
4.20633e-05	379.523
5.71949e-05	375.396
0.00012585	320.61
3.81915e-05	740.628
4.57261e-05	682.974
0.00029902	192.752
3.49252e-05	513.338
9.27276e-05	210.698
8.7346e-05	357.221
5.06982e-05	371.092
6.01505e-05	548.526
3.16436e-05	660.056
5.15907e-05	540.641
1.67676e-05	934.197
1.31077e-05	849.852
2.97546e-05	542.887
7.6454e-07	172.247
7.91835e-05	281.059
2.45674e-05	610.813
7.3402e-05	248.064
0.00029086	132.173
1.87713e-05	745.767
3.17184e-05	444.213
0.000198263	240.841
3.33351e-05	524.701
1.50565e-05	935.433
2.09356e-05	616.355
3.40775e-05	725.409
3.75422e-05	879.857
2.93522e-05	522.41
5.74743e-05	373.232
4.56184e-05	354.03
4.14281e-05	768.302
2.34069e-05	553.759
1.7401e-05	629.239
3.39132e-05	446.234
0.00128854	109.946
0.000185372	229.415
1.636e-05	717.189
2.99353e-05	472.428
5.42196e-05	559.121
3.95322e-05	502.285
8.43436e-05	83.583
2.59331e-05	586.765
7.63498e-05	301.907
5.2133e-05	324.199
4.58221e-05	350.805
5.50413e-05	585.928
5.02466e-05	524.49
0.000553471	120.534
2.61392e-05	935.404
6.08124e-05	408.903
1.19105e-05	937.357
3.14765e-05	435.345
3.92428e-05	599.867
2.01176e-05	181.309
1.33242e-05	917.126
1.45724e-05	690.716
3.2011e-05	514.177
2.02824e-05	753.557
3.71437e-05	571.186
2.50466e-05	880.079
1.63132e-05	872.417
5.23848e-05	335.356
2.13262e-06	169.665
1.43484e-05	878.036
0.00100234	99.9638
0.000100191	379.392
1.83667e-05	758.203
2.06859e-05	619.208
5.17606e-06	157.315
0.00046087	273.09
2.06589e-05	652.611
1.98871e-05	750.59
0.000494757	77.6304
1.52203e-05	863.349
2.55126e-06	156.019
2.3525e-05	679.254
1.99386e-05	871.681
4.8973e-05	441.163
5.44995e-05	375.073
3.83132e-05	444.865
2.10299e-05	536.326
6.96712e-05	504.096
1.25104e-05	904.447
1.68155e-05	185.006
5.91172e-05	481.536
2.43454e-05	487.96
3.873e-05	713.853
3.09898e-05	791.529
6.40199e-05	684.561
7.84356e-05	236.15
0.000157878	302.558
2.05466e-05	606.268
2.23383e-05	513.946
3.54436e-05	469.548
6.7954e-05	624.306
1.85749e-05	791.218
2.8475e-05	250.551
1.32846e-05	804.089
6.46773e-05	416.641
4.21536e-05	553.921
3.57886e-05	366.141
4.48832e-05	489.966
4.13935e-05	402.038
2.04657e-05	215.882
3.31073e-05	590.773
2.48485e-05	627.009
1.31202e-05	848.311
1.05721e-05	949.912
0.000844672	79.9283
2.88468e-05	813.123
3.11062e-06	143.823
2.17949e-05	766.373
3.88835e-05	550.699
1.02529e-05	910.17
0.000184478	201.851
7.10982e-05	304.698
2.62585e-05	564.804
0.000107432	341.33
1.82165e-05	792.091
0.000840022	71.306
1.87025e-05	755.865
4.16695e-05	371.144
5.97231e-05	439.691
1.9924e-05	663.33
3.61748e-05	572.122
1.2346e-05	924.662
